Gene_set,Term,Overlap,P-value,Adjusted P-value,Old P-value,Old Adjusted P-value,Odds Ratio,Combined Score,Genes
KEGG_2019_Mouse,ECM-receptor interaction,58/83,3.1330700911057708e-21,9.085903264206736e-19,0,0,8.642619217081851,408.0377028319272,ITGB1;LAMC3;ITGB3;ITGA2B;LAMC2;LAMC1;COMP;TNN;DAG1;ITGB8;ITGAV;ITGB7;ITGA3;GP1BB;ITGA2;ITGA1;GP1BA;HSPG2;COL2A1;COL4A2;COL4A1;COL4A4;COL6A2;COL4A3;COL6A1;ITGA8;COL4A6;COL6A4;ITGA7;COL4A5;ITGA6;COL6A6;ITGA5;COL6A5;CD44;ITGA9;TNXB;LAMA2;LAMA1;LAMA4;LAMA3;THBS1;THBS4;THBS3;VTN;RELN;SV2B;SV2A;LAMB3;LAMB2;FN1;LAMB1;COL1A1;COL1A2;ITGA11;COL9A3;COL9A2;AGRN
KEGG_2019_Mouse,Focal adhesion,95/199,1.0126198720132023e-16,1.4682988144191434e-14,0,0,3.415751463711014,125.7980978124568,ITGB1;FLT1;LAMC3;FLT4;ITGB3;ITGA2B;ILK;PIK3CD;LAMC2;LAMC1;ARHGAP5;ELK1;MYLK;IGF1R;COMP;CCND2;TNN;AKT3;KDR;CAPN2;ITGB8;ITGAV;ITGB7;PRKCG;VAV3;PDGFRB;PPP1R12A;ITGA3;ACTN1;HGF;ITGA2;ITGA1;PRKCA;PGF;COL2A1;COL4A2;COL4A1;COL4A4;COL6A2;COL4A3;COL6A1;RAPGEF1;COL4A6;COL6A4;ITGA8;COL4A5;ITGA7;COL6A6;ITGA6;COL6A5;ITGA5;TLN1;PPP1R12B;MYL9;VCL;ITGA9;SHC4;SHC2;TNXB;LAMA2;LAMA1;LAMA4;LAMA3;PDGFA;PIK3R2;THBS1;EGFR;THBS4;THBS3;VTN;RELN;PDGFC;FLNA;FYN;FLNC;PAK3;CAV3;LAMB3;LAMB2;CAV1;FN1;VEGFC;PARVA;VEGFD;LAMB1;PARVB;COL1A1;MAPK10;COL1A2;PARVG;ITGA11;ZYX;BCL2;COL9A3;COL9A2
KEGG_2019_Mouse,Arrhythmogenic right ventricular cardiomyopathy (ARVC),42/72,9.473143191918369e-12,9.157371752187755e-10,0,0,5.193996691089577,131.8369344867084,ITGB1;RYR2;LAMA2;ITGB3;ITGA2B;TCF7;ATP2A2;CACNA1D;CACNA1C;SLC8A1;CACNG7;GJA1;CDH2;SGCA;SGCB;DAG1;CTNNA1;ITGB8;ITGAV;ITGB7;DMD;CTNNA3;EMD;CACNG5;DSP;TCF7L1;ACTN3;ITGA3;ACTN2;CACNA2D1;ITGA2;ITGA1;CACNB1;CACNB2;CACNB4;DES;ITGA11;ITGA8;ITGA7;ITGA6;ITGA5;ITGA9
KEGG_2019_Mouse,PI3K-Akt signaling pathway,131/357,1.6716103126328022e-11,1.2119174766587816e-09,0,0,2.169264345812164,53.82953246627043,CRTC2;CHRM1;CSF1;ITGA2B;FGF1;FGF2;IGF1R;COMP;CCND2;FGF9;TNN;CREB3L2;AKT3;KDR;PDGFRB;MAGI1;HGF;F2R;MAGI2;PRKCA;PGF;EREG;COL4A2;COL4A1;COL4A4;COL4A3;COL4A6;MTCP1;COL4A5;EPHA2;PDGFA;TGFA;LPAR3;PIK3R2;LPAR4;EFNA5;PIK3R5;VTN;GNG10;BCL2L11;PDGFC;PCK1;FGF23;FGF21;NGFR;BDNF;FN1;GNG11;GNG13;COL1A1;FGF17;NR4A1;EFNA3;IL6;COL1A2;EFNA2;LPAR5;KITL;IL7;ITGA11;FGF18;MDM2;BCL2;COL9A3;COL9A2;FGFR4;FGFR3;FGFR2;FGFR1;ITGB1;CDKN1A;FLT1;LAMC3;FLT4;ITGB3;PIK3CD;LAMC2;LAMC1;GNGT2;ITGB8;ITGAV;ITGB7;ITGA3;ITGA2;ITGA1;OSMR;NGF;COL2A1;COL6A2;COL6A1;COL6A4;ITGA8;FLT3L;ITGA7;SGK3;COL6A6;ITGA6;COL6A5;ITGA5;SGK1;ITGA9;PRKAA1;TNXB;LAMA2;LAMA1;LAMA4;LAMA3;IL2RG;THBS1;EGFR;THBS4;THBS3;NTF5;RELN;GNG2;GNG4;NTF3;GNG8;NTRK2;ANGPT2;LAMB3;LAMB2;NOS3;VEGFC;VEGFD;LAMB1;EPOR;PPP2R2C;PPP2R2B;IL2RB;TEK
KEGG_2019_Mouse,Rap1 signaling pathway,87/209,2.6226403534967342e-11,1.2684260745494224e-09,0,0,2.6584222975883702,64.7704772783361,ITGB1;FLT1;CSF1;FLT4;ITGB3;ITGA2B;ITGB2;PIK3CD;CALML3;CALML4;FGF1;FGF2;IGF1R;SIPA1L1;FGF9;RASSF5;AKT3;KDR;PRKCG;PDGFRB;MAGI1;HGF;F2R;MAGI2;ARAP3;PRKCA;NGF;PGF;APBB1IP;TIAM1;ADCY9;ADORA2A;ADORA2B;PARD3;RAPGEF1;PRKD2;LCP2;PRKD1;TLN1;PLCB1;RAPGEF3;EPHA2;RAPGEF4;ADCY4;PDGFA;ADCY3;PARD6G;LPAR3;PIK3R2;LPAR4;EFNA5;RASGRP2;ADCY7;THBS1;GNAI1;EGFR;RAP1GAP;GNAI2;RASGRP3;RRAS;CNR1;PDGFC;P2RY1;KRIT1;PLCG1;FGF23;FGF21;MAP2K6;NGFR;ANGPT2;VEGFC;VEGFD;FGF17;GNAO1;EFNA3;EFNA2;LPAR5;KITL;FGF18;TEK;FGFR4;CALM2;FGFR3;SIPA1;FGFR2;F2RL3;FGFR1
KEGG_2019_Mouse,Axon guidance,78/180,2.6243298094125982e-11,1.2684260745494224e-09,0,0,2.8482787632335413,69.39435429793141,SEMA5A;EPHB6;ITGB1;ROBO2;SEMA5B;BMPR2;LRRC4;ILK;PIK3CD;RND1;ROBO1;DPYSL2;CFL2;BOC;EPHB2;EPHB1;EPHB4;EPHB3;SEMA6B;EPHA4;SEMA6C;EPHA7;SEMA6A;ARHGEF12;TRPC3;UNC5B;SEMA6D;TRPC1;PRKCA;UNC5C;RGMA;PARD3;EPHA1;MYL9;EPHA2;CAMK2B;SEMA3C;SEMA3D;SEMA3B;NTN4;SEMA3G;PARD6G;PIK3R2;SEMA3F;EFNA5;GNAI1;NTN3;GNAI2;EFNB2;EFNB1;ABLIM1;EFNB3;ABLIM2;RRAS;ABLIM3;PLXNA2;PLXNA1;SLIT3;FYN;PLCG1;SLIT2;LRRC4C;PAK3;CAMK2G;PLXNA4;NTNG1;NTNG2;SEMA4A;FZD3;RYK;LIMK2;NFATC2;BMP7;SSH1;NFATC4;EFNA3;CXCL12;EFNA2
KEGG_2019_Mouse,Oxytocin signaling pathway,66/154,1.5058431534450375e-09,6.2384930642723e-08,0,0,2.7880318516757785,56.63583608799669,RYR1;RYR2;OXTR;CDKN1A;GUCY1B1;CALML3;OXT;CALML4;ELK1;RYR3;PRKAG3;MYLK;RGS2;NPPA;CD38;PRKACB;PRKCG;GUCY1A2;GUCY1A1;PRKAB2;MEF2C;PPP1R12A;CAMK1D;CACNA2D1;PRKCA;CACNB1;CACNB2;MYL6;ADCY9;CACNB4;PPP1R12B;PLCB1;MYL9;CAMK1G;CAMK2B;PRKAA1;NPR1;NPR2;ITPR1;ADCY4;ADCY3;CACNA1D;CACNA1C;PTGS2;ADCY7;EGFR;GNAI1;PIK3R5;GNAI2;CACNG7;CAMK2G;KCNJ2;CACNG5;KCNJ4;KCNJ5;KCNJ12;NOS3;KCNJ14;NFATC2;NFATC1;NFATC4;GNAO1;RCAN1;CAMK4;CAMK1;CALM2
KEGG_2019_Mouse,Protein digestion and absorption,45/90,1.757955009844419e-09,6.372586910686019e-08,0,0,3.7090823084200566,74.77181542636077,COL17A1;COL18A1;COL15A1;COL13A1;COL14A1;ELN;COL11A1;COL12A1;ATP1A4;ATP1A2;SLC1A5;ATP1A1;SLC8A1;SLC8A2;COL10A1;SLC38A2;COL27A1;MME;KCNJ13;CTRB1;ATP1B3;SLC16A10;ATP1B2;COL1A1;COL3A1;COL2A1;COL1A2;COL4A2;COL5A1;COL4A1;XPNPEP2;COL4A4;COL6A2;COL5A3;COL7A1;COL4A3;COL6A1;COL5A2;COL4A6;COL6A4;COL4A5;COL6A6;COL9A3;COL6A5;COL9A2
KEGG_2019_Mouse,Dilated cardiomyopathy (DCM),44/90,6.478166398097433e-09,2.087409172720284e-07,0,0,3.54675275273217,66.873414281296,ITGB1;RYR2;LAMA2;ITGB3;ITGA2B;ADCY4;ATP2A2;ADCY3;CACNA1D;CACNA1C;ADCY7;SLC8A1;CACNG7;PLN;SGCA;SGCB;DAG1;ITGB8;ITGAV;ITGB7;DMD;EMD;PRKACB;CACNG5;MYBPC3;TPM4;ITGA3;TPM2;CACNA2D1;ITGA2;ITGA1;TPM1;CACNB1;CACNB2;ADCY9;CACNB4;DES;ACTC1;ITGA11;ITGA8;ITGA7;ITGA6;ITGA5;ITGA9
KEGG_2019_Mouse,Hypertrophic cardiomyopathy (HCM),42/86,1.4781263200193696e-08,4.286566328056172e-07,0,0,3.5382028748845102,63.79346332616372,ITGB1;RYR2;PRKAA1;LAMA2;ITGB3;ITGA2B;ATP2A2;CACNA1D;CACNA1C;PRKAG3;SLC8A1;CACNG7;SGCA;SGCB;DAG1;ITGB8;ITGAV;ITGB7;DMD;EMD;CACNG5;MYBPC3;PRKAB2;TPM4;ITGA3;TPM2;CACNA2D1;ITGA2;ITGA1;TPM1;CACNB1;CACNB2;IL6;CACNB4;DES;ACTC1;ITGA11;ITGA8;ITGA7;ITGA6;ITGA5;ITGA9
KEGG_2019_Mouse,Pathways in cancer,167/535,4.5651979708633634e-08,1.2035521923185232e-06,0,0,1.6975111978229105,28.691705789242768,IL23R;HHIP;ITGA2B;CALML3;FZD10;CALML4;FGF1;ELK1;FGF2;ETS1;IGF1R;EDNRA;EDNRB;CCND2;FGF9;PEG12;RASSF5;AKT3;PRKACB;IL13RA1;PRKCG;PDGFRB;HGF;F2R;PRKCA;PGF;RUNX1;AR;ADCY9;COL4A2;COL4A1;COL4A4;COL4A3;COL4A6;COL4A5;IL6ST;EPAS1;NOTCH4;TCF7;PDGFA;TGFA;GSTT1;LPAR3;PIK3R2;CSF2RB;LPAR4;RASGRP2;RASGRP3;WNT6;GNG10;BCL2L11;HMOX1;PLCG1;FGF23;FGF21;FZD1;JAG2;WNT10B;WNT10A;FZD3;GSTM2;FZD2;JAG1;GSTM1;FZD7;PTCH2;FZD9;FN1;FZD8;GNG11;ESR2;GNG13;FGF17;BMP4;IL6;CXCL12;LPAR5;KITL;IL7;FGF18;MDM2;BCL2;FGFR4;CALM2;FGFR3;FGFR2;GSTM5;NFE2L2;FGFR1;RET;ITGB1;CDKN1A;LAMC3;FLT4;PIK3CD;LAMC2;LAMC1;GLI1;GLI3;GLI2;GNGT2;MECOM;HEY1;BDKRB2;ITGAV;ELOC;APPL1;NKX3-1;APC2;NCOA1;ARHGEF12;ITGA3;ITGA2;MMP2;NCOA4;WNT9A;AXIN2;KIF7;CSF2RB2;PAX8;TRAF5;RARA;FLT3L;RARB;PPARG;ITGA6;PLCB1;CAMK2B;LAMA2;LAMA1;LAMA4;LAMA3;ADCY4;ADCY3;PTGS2;IL2RG;ADCY7;DLL1;EGFR;GNAI1;GNAI2;DLL4;GNG2;WNT11;GNG4;CTNNA1;GNG8;CTNNA3;CAMK2G;HES5;IL12RB2;RUNX1T1;ARNT2;NQO1;TCF7L1;TXNRD3;LAMB3;LAMB2;STAT2;TXNRD1;VEGFC;VEGFD;LAMB1;EPOR;MAPK10;IL2RB;F2RL3
KEGG_2019_Mouse,Calcium signaling pathway,72/189,1.05886813285755e-07,2.5589313210724126e-06,0,0,2.286635050262758,36.72540570290275,RYR1;CHRM3;RYR2;OXTR;CHRM1;HTR2B;ATP2A2;CALML3;ADRA1D;CALML4;HTR2A;SLC8A1;RYR3;MYLK;SLC8A2;CYSLTR1;EDNRA;HTR7;EDNRB;BDKRB2;CD38;PRKACB;PDGFRB;PRKCG;CAMK1D;SPHK1;F2R;PRKCA;AVPR1A;ITPKB;ADCY9;STIM1;LTB4R2;ADORA2A;ADRB3;ADORA2B;ORAI2;PLCB1;SLC25A4;CAMK1G;CAMK2B;PDE1B;PDE1A;CACNA1B;ITPR1;ADCY4;CACNA1A;ADCY3;CACNA1D;CACNA1C;ADCY7;CACNA1H;EGFR;CACNA1G;HRH1;PLN;PHKG1;TBXA2R;PLCG1;CAMK2G;NOS3;ATP2B4;ATP2B3;GRIN2C;P2RX7;CAMK4;P2RX1;CAMK1;CALM2;PLCD4;MCU;PLCD1
KEGG_2019_Mouse,cGMP-PKG signaling pathway,65/172,6.026869192989402e-07,1.3444554353591745e-05,0,0,2.254939412245478,32.294944565519614,GUCY1B1;IRS4;ATP2A2;CALML3;IRS2;ADRA1D;CALML4;SLC8A1;MYLK;SLC8A2;NPPC;RGS2;EDNRA;EDNRB;CREB3L2;AKT3;NPPA;ADORA1;BDKRB2;PRKG2;PRKG1;MEF2A;GUCY1A2;GUCY1A1;MEF2C;PPP1R12A;PRKCE;ATP1B3;ATP1B2;ADRA2B;ADCY9;ADRB3;KCNMA1;PDE5A;PLCB1;MYL9;SLC25A4;NPR1;NPR2;SRF;ITPR1;ATP1A4;ADCY4;ADCY3;CACNA1D;ATP1A2;CACNA1C;ATP1A1;ADCY7;GNAI1;PIK3R5;GNAI2;PLN;KCNMB1;KCNMB4;KCNJ8;NOS3;PDE2A;ATP2B4;NFATC2;ATP2B3;NFATC1;NFATC4;PDE3A;CALM2
KEGG_2019_Mouse,cAMP signaling pathway,76/211,6.619748043571702e-07,1.3712335233112811e-05,0,0,2.091426856926023,29.75690150903125,RYR2;OXTR;CHRM1;HHIP;PIK3CD;ATP2A2;CALML3;OXT;CALML4;GLI1;GLI3;EDNRA;CREB3L2;AKT3;NPPA;ADORA1;PDE4B;CNGA3;AMH;PRKACB;TSHB;VAV3;ABCC4;EDN2;PPP1R12A;PDE4D;F2R;NPY1R;ARAP3;ATP1B3;ATP1B2;SSTR1;TIAM1;ADCY9;ADORA2A;MYL9;RAPGEF3;RAPGEF4;HCN4;CAMK2B;ADCYAP1R1;NPR1;ADCY4;ATP1A4;ADCY3;PIK3R2;CACNA1D;ATP1A2;CACNA1C;ATP1A1;PLD1;ADCY7;GNAI1;GNAI2;SLC9A1;HCAR2;PLN;RRAS;NPY;CAMK2G;GRIA3;GRIA4;GABBR1;BDNF;HTR1D;ATP2B4;ATP2B3;NFATC1;GRIN2C;MAPK10;GRIN3B;PDE10A;CAMK4;FXYD1;PDE3A;CALM2
KEGG_2019_Mouse,Salivary secretion,36/78,8.981289384357881e-07,1.7363826143091904e-05,0,0,3.173067197140834,44.1784628971469,CHRM3;GUCY1B1;LYZ2;ATP1A4;ADCY4;ITPR1;ADCY3;CALML3;ADRA1D;ATP1A2;CALML4;ATP1A1;BEST2;ADCY7;RYR3;SLC9A1;CD38;PRKG2;PRKACB;CAMP;PRKG1;PRKCG;GUCY1A2;GUCY1A1;ATP2B4;ATP2B3;ATP1B3;PRKCA;ATP1B2;BST1;ADCY9;ADRB3;TRPV6;KCNMA1;PLCB1;CALM2
KEGG_2019_Mouse,Ras signaling pathway,80/233,3.0124185897905267e-06,5.4600086939953296e-05,0,0,1.942110177404295,24.689594724546268,FLT1;CSF1;RASGRF2;FLT4;PIK3CD;CALML3;CALML4;FGF1;ELK1;FGF2;ETS1;IGF1R;HTR7;SYNGAP1;GNGT2;FGF9;RASSF5;AKT3;KDR;PRKACB;PRKCG;PDGFRB;KSR1;HGF;PRKCA;NGF;PGF;TIAM1;ZAP70;RASA3;RASA4;FLT3L;RIN1;EPHA2;PLA1A;SHC4;SHC2;PLA2G3;PDGFA;TGFA;PIK3R2;EFNA5;RASGRP2;PLD1;EGFR;RASGRP3;NTF5;GNG10;GNG2;RRAS;GNG4;PDGFC;NTF3;ABL2;GNG8;PLCG1;PAK3;FGF23;FGF21;NGFR;NTRK2;ANGPT2;BDNF;VEGFC;VEGFD;GNG11;GNG13;FGF17;MAPK10;EFNA3;EFNA2;KITL;FGF18;TEK;RGL1;FGFR4;CALM2;FGFR3;FGFR2;FGFR1
KEGG_2019_Mouse,Proteoglycans in cancer,71/203,5.081999719246271e-06,8.285240713970665e-05,0,0,1.9962445732912175,24.333833534615103,ITGB1;CDKN1A;HPSE2;ITGB3;HSPB2;PIK3CD;FZD10;ELK1;FGF2;IGF1R;CTSL;PLAU;AKT3;KDR;TIMP3;ITGAV;PRKACB;PRKCG;ARHGEF12;PPP1R12A;HGF;MMP2;ITGA2;PRKCA;ANK2;ANK3;WNT9A;HSPG2;DCN;TIAM1;HCLS1;ITGA5;PPP1R12B;CD44;CAMK2B;CD63;TWIST2;ITPR1;TWIST1;PIK3R2;HOXD10;THBS1;EGFR;SLC9A1;VTN;WNT6;WNT11;RRAS;GPC1;GPC3;FLNA;PLCG1;FLNC;CAMK2G;FZD1;WNT10B;WNT10A;FZD3;FZD2;CAV3;LUM;FZD7;CAV1;FZD9;FN1;FZD8;MSN;COL1A1;COL1A2;MDM2;FGFR1
KEGG_2019_Mouse,Circadian entrainment,41/99,5.142563201774896e-06,8.285240713970665e-05,0,0,2.6172878234795647,31.8732236103029,RYR1;CAMK2B;RYR2;ADCYAP1R1;GUCY1B1;ITPR1;ADCY4;ADCY3;CALML3;CACNA1D;CALML4;CACNA1C;ADCY7;CACNA1H;RYR3;GNAI1;CACNA1G;GNAI2;GNG10;GNGT2;GNG2;GNG4;PRKG2;GNG8;PRKACB;CAMK2G;GRIA3;PRKG1;GRIA4;PRKCG;GUCY1A2;KCNJ5;GUCY1A1;PRKCA;GRIN2C;GNG11;GNG13;GNAO1;ADCY9;PLCB1;CALM2
KEGG_2019_Mouse,Amoebiasis,41/106,3.620672041402378e-05,0.0005526288905298367,0,0,2.334382725025447,23.87201824737051,SERPINB10;CSF2;LAMA2;LAMC3;LAMA1;LAMA4;ITGB2;LAMA3;HSPB1;PIK3CD;PIK3R2;LAMC2;LAMC1;SERPINB1B;MUC2;PRKACB;PRKCG;IL10;LAMB3;LAMB2;IL1R2;ACTN1;FN1;PRKCA;SERPINB9;LAMB1;COL1A1;IL6;COL3A1;COL1A2;COL4A2;SERPINB6A;COL4A1;SERPINB6B;COL4A4;SERPINB6C;COL4A3;COL4A6;COL4A5;PLCB1;VCL
KEGG_2019_Mouse,Apelin signaling pathway,50/138,4.228367742460119e-05,0.0006131133226567173,0,0,2.104142897121822,21.19105335826541,RYR1;RYR2;SERPINE1;CALML3;PLAT;CALML4;SLC8A1;RYR3;PRKAG3;MYLK;SLC8A2;GNGT2;AKT3;CCN2;PRKACB;MEF2A;PRKAB2;MEF2C;PRKCE;SPHK1;MYL4;ACTA2;ADCY9;APLNR;PLIN1;PLCB1;HDAC4;PRKAA1;ITPR1;UCP1;ADCY4;ADCY3;ADCY7;GNAI1;SLC9A1;PIK3R5;GNAI2;GNG10;GNG2;RRAS;GNG4;GNG8;PPARGC1A;EGR1;JAG1;NOS3;GNG11;GNG13;CAMK4;CALM2
KEGG_2019_Mouse,Vascular smooth muscle contraction,50/140,6.488346552088926e-05,0.0008960097619551375,0,0,2.05712105664746,19.836649120736105,GUCY1B1;CALML3;ADM;ADRA1D;CALML4;ACTG2;MYLK;NPPC;EDNRA;NPPA;PRKACB;PRKG1;PRKCG;GUCY1A2;GUCY1A1;PTGIR;ARHGEF12;EDN2;PPP1R12A;PRKCE;PRKCA;AVPR1A;ACTA2;MYL6;ADCY9;ADORA2A;ADORA2B;KCNMA1;PRKCQ;PPP1R12B;PLCB1;MYL9;RAMP2;CALCRL;NPR1;NPR2;ITPR1;ADCY4;PLA2G3;ADCY3;CACNA1D;CACNA1C;ADCY7;CALD1;KCNMB1;KCNMB4;MYH11;PPP1R14A;CYP4A32;CALM2
KEGG_2019_Mouse,Aldosterone synthesis and secretion,39/102,7.468082244813273e-05,0.0009677352866418342,0,0,2.2902130148233124,21.7622618764623,CAMK2B;NPR1;ITPR1;ATP1A4;ADCY4;ADCY3;CALML3;CACNA1D;ATP1A2;CALML4;CACNA1C;ATP1A1;ADCY7;CACNA1H;CACNA1G;CREB3L2;NPPA;PRKACB;CAMK2G;PRKCG;KCNJ5;CAMK1D;PRKCE;PDE2A;ATP2B4;ATP2B3;ATP1B3;PRKCA;ATP1B2;NR4A2;NR4A1;ADCY9;CAMK4;PRKD2;PRKD1;CAMK1;PLCB1;CALM2;CAMK1G
KEGG_2019_Mouse,Adrenergic signaling in cardiomyocytes,52/148,7.675141928538686e-05,0.0009677352866418342,0,0,2.005873410724157,19.00552756515044,RYR2;ATP2A2;CALML3;ADRA1D;CALML4;SLC8A1;CREB3L2;AKT3;SCN5A;PRKACB;SCN1B;TPM4;TPM2;CACNA2D1;TPM1;ATP1B3;PRKCA;ATP1B2;MYL4;CACNB1;CACNB2;ADCY9;CACNB4;PLCB1;SCN4B;RAPGEF3;RAPGEF4;CAMK2B;ATP1A4;ADCY4;ADCY3;CACNA1D;ATP1A2;CACNA1C;ATP1A1;ADCY7;GNAI1;SLC9A1;PIK3R5;GNAI2;CACNG7;PLN;SCN7A;CAMK2G;CACNG5;ATP2B4;ATP2B3;ACTC1;PPP2R2C;PPP2R2B;BCL2;CALM2
KEGG_2019_Mouse,Regulation of lipolysis in adipocytes,25/56,8.056051844870282e-05,0.0009734395979218258,0,0,2.979770366320394,28.088810942252987,NPR1;IRS4;ADCY4;AQP7;PIK3CD;ADCY3;IRS2;PIK3R2;PTGS2;ADCY7;GNAI1;GNAI2;NPY;AKT3;NPPA;ADORA1;PRKG2;PRKACB;PRKG1;TSHB;NPY1R;ADCY9;FABP4;ADRB3;PLIN1
KEGG_2019_Mouse,Cholinergic synapse,42/113,8.632023544293892e-05,0.001001314731138,0,0,2.188914151417605,20.48264708568716,CAMK2B;CHRM3;ACHE;CHRM1;CHRM4;CACNA1B;ITPR1;ADCY4;CACNA1A;PIK3CD;ADCY3;CACNA1D;PIK3R2;CACNA1C;ADCY7;GNAI1;PIK3R5;GNAI2;GNG10;GNGT2;GNG2;GNG4;CREB3L2;AKT3;GNG8;FYN;PRKACB;CAMK2G;KCNJ2;PRKCG;KCNJ4;KCNJ12;KCNJ14;PRKCA;GNG11;GNG13;GNAO1;ADCY9;CAMK4;BCL2;KCNQ5;PLCB1
KEGG_2019_Mouse,Wnt signaling pathway,55/160,9.527811405760764e-05,0.0010584714670113,0,0,1.940007676849782,17.96196930571923,INVS;FZD10;CCND2;PEG12;SOX17;CCN4;PRKACB;PRKCG;APC2;RNF43;SERPINF1;PRKCA;AXIN2;WNT9A;DKK1;DKK2;SFRP4;DAAM2;SFRP5;ROR1;ROR2;PLCB1;CAMK2B;TCF7;PRICKLE2;PRICKLE3;NKD1;NKD2;WNT6;PORCN;WNT11;ZNRF3;WIF1;GPC4;CAMK2G;FZD1;WNT10B;WNT10A;FZD3;TCF7L1;FZD2;RYK;FZD7;FZD9;FZD8;NFATC2;NFATC1;NFATC4;VANGL1;FOSL1;MAPK10;BAMBI;LGR6;LGR5;LGR4
KEGG_2019_Mouse,Renin secretion,31/76,9.854734348036284e-05,0.0010584714670113,0,0,2.5467127665147467,23.493357734283023,ADCYAP1R1;GUCY1B1;NPR1;PDE1B;PDE1A;ITPR1;CALML3;CACNA1D;CALML4;CACNA1C;GNAI1;AQP1;GNAI2;EDNRA;CLCA3B;NPPA;ADORA1;PRKG2;CLCA3A1;PRKACB;CLCA3A2;KCNJ2;GUCY1A2;GUCY1A1;EDN2;REN1;ADRB3;KCNMA1;PDE3A;PLCB1;CALM2
KEGG_2019_Mouse,MAPK signaling pathway,90/294,0.00011839852164172992,0.0011856463170704,0,0,1.6371939643655693,14.802614444617388,PTPRR;FLT1;CSF1;RASGRF2;FLT4;HSPB1;FGF1;ELK1;FGF2;IGF1R;RPS6KA3;DUSP10;MECOM;FGF9;RPS6KA2;AKT3;KDR;PRKACB;PRKCG;PDGFRB;MEF2C;DUSP2;DUSP1;CACNA2D1;HGF;PRKCA;MAPK8IP2;NGF;DUSP9;DUSP6;PGF;MAPK8IP1;EREG;DUSP7;TNFRSF1A;CACNB1;CACNB2;CACNB4;MAPKAPK2;FLT3L;MAPT;EPHA2;SRF;CACNA1B;PDGFA;TGFA;CACNA1A;CACNA1D;CACNA1C;EFNA5;RASGRP2;EGFR;CACNA1H;CACNA1G;RASGRP3;NTF5;CACNG7;RRAS;PDGFC;NTF3;MAP3K20;FLNA;FLNC;FGF23;MAP4K3;FGF21;MAP2K6;CACNG5;NGFR;NTRK2;ANGPT2;BDNF;VEGFC;NFATC1;VEGFD;HSPA2;FGF17;MAPK10;NR4A1;EFNA3;EFNA2;KITL;FGF18;TEK;FGFR4;MAP3K14;FGFR3;FGFR2;FGFR1;MAP3K12
KEGG_2019_Mouse,Platelet activation,45/125,0.0001185646317070416,0.0011856463170704,0,0,2.0817023415326394,18.818698104655223,ITGB1;GUCY1B1;ITGB3;ITGA2B;ITPR1;ADCY4;PIK3CD;ADCY3;PIK3R2;RASGRP2;ADCY7;GNAI1;MYLK;PIK3R5;GNAI2;TBXA2R;AKT3;P2RY1;PRKG2;FYN;PRKACB;PRKG1;P2RY12;GUCY1A2;GUCY1A1;PTGIR;ARHGEF12;PPP1R12A;GP1BB;NOS3;ITGA2;F2R;FGG;GP1BA;COL1A1;APBB1IP;COL3A1;ADCY9;COL1A2;STIM1;P2RX1;LCP2;TLN1;PLCB1;F2RL3
KEGG_2019_Mouse,Cell adhesion molecules (CAMs),57/170,0.00015456105418278247,0.0014656493199131,0,0,1.8681424325368168,16.39280294783407,ITGB1;H2-T24;ITGB2;ICAM2;LRRC4;PTPRM;VSIR;ICAM1;CLDN22;CDH5;CDH4;CDH3;CDH2;MPZ;CLDN24;ITGB8;NRCAM;MADCAM1;ITGAV;ITGB7;CD34;ICOSL;CLDN5;VCAN;CLDN15;ITGA8;PECAM1;ITGA6;ITGA9;NLGN3;H2-M9;CD274;NLGN1;NLGN2;NRXN1;H2-M3;SDC3;NCAM1;LRRC4C;JAM2;LRRC4B;JAM3;NTNG1;NTNG2;CADM3;VCAM1;CADM1;SELE;H2-AA;SELP;CD4;CNTN2;ESAM;SIGLEC1;NECTIN3;H2-AB1;NECTIN1
KEGG_2019_Mouse,Hippo signaling pathway,54/159,0.00015667285833554325,0.0014656493199131,0,0,1.904283344055802,16.684094078843078,BMPR2;SERPINE1;ITGB2;FZD10;FGF1;GLI2;CCND2;RASSF2;RASSF4;CCN2;AMH;TEAD1;TEAD3;APC2;TRP73;AXIN2;WNT9A;FRMD6;LATS2;PARD3;AJUBA;YAP1;TCF7;PARD6G;NKD1;WNT6;WNT11;CTNNA1;CTNNA3;FZD1;WNT10B;SMAD1;WNT10A;FZD3;TCF7L1;FZD2;FZD7;FZD9;FZD8;GDF6;WTIP;BMP7;BMP6;SMAD7;BMP5;BMP4;DLG2;PPP2R2C;DLG4;PPP2R2B;SNAI2;DCHS1;FAT4;NF2
KEGG_2019_Mouse,Glycosaminoglycan biosynthesis,23/53,0.0002575115372996431,0.002333698306778,0,0,2.83161568627451,23.401735027725493,B4GALT2;HS3ST3B1;CHST7;HS3ST3A1;CSGALNACT2;HS6ST2;HS3ST1;EXT1;EXTL2;CHST11;CHSY1;CHST12;DSE;NDST3;UST;CHST15;B3GNT2;CHSY3;CHST14;B4GALT4;CHST2;ST3GAL2;CHST3
KEGG_2019_Mouse,Human papillomavirus infection,105/360,0.00027006199816765486,0.0023732721051096,0,0,1.5285085243310377,12.55953902852,MAML2;MAML1;ITGA2B;FZD10;RBPJ;COMP;CCND2;TNN;CREB3L2;AKT3;PRKACB;PDGFRB;MAGI1;COL4A2;COL4A1;PARD3;COL4A4;MFNG;COL4A3;COL4A6;COL4A5;MAML3;H2-M9;NOTCH4;TCF7;H2-M3;PIK3R2;VTN;WNT6;ATP6V0A4;FZD1;WNT10B;WNT10A;FZD3;FZD2;JAG1;FZD7;FZD9;FN1;FZD8;COL1A1;COL1A2;DLG2;ITGA11;MDM2;COL9A3;COL9A2;ITGB1;H2-T24;CDKN1A;LAMC3;ITGB3;PIK3CD;LAMC2;LAMC1;LFNG;HEY1;ITGB8;ITGAV;ITGB7;IKBKE;OASL2;APC2;ITGA3;ITGA2;ITGA1;TUBG2;WNT9A;AXIN2;TNFRSF1A;COL2A1;COL6A2;IRF1;COL6A1;COL6A4;ITGA8;ITGA7;COL6A6;ITGA6;COL6A5;ITGA5;IRF9;ITGA9;TNXB;LAMA2;LAMA1;LAMA4;LAMA3;PARD6G;PTGS2;THBS1;EGFR;THBS4;THBS3;RELN;WNT11;HES5;TCF7L1;LAMB3;LAMB2;STAT2;MX2;LAMB1;PPP2R2C;PPP2R2B
KEGG_2019_Mouse,Glycosphingolipid biosynthesis,20/45,0.00043775531825758095,0.003654365150002,0,0,2.953585704208794,22.842590091566475,B4GALT2;B3GALNT1;SEC1;HEXB;HEXA;FUT1;GGTA1;FUT9;B3GNT5;B3GALT1;B3GNT4;GCNT2;ST3GAL5;B3GNT2;ST3GAL6;ST6GALNAC4;A3GALT2;ST3GAL2;ST6GALNAC5;B4GALT4
KEGG_2019_Mouse,Morphine addiction,34/92,0.00044104406982783376,0.003654365150002,0,0,2.166849696171022,16.74187329073849,PDE1B;PDE1A;ADCY4;CACNA1B;ADCY3;CACNA1A;ADCY7;GNAI1;GNAI2;GABRR1;GNG10;GNGT2;GNG2;GRK5;GRK4;GNG4;PDE4B;ADORA1;GNG8;GABRE;PRKACB;PRKCG;KCNJ5;GABBR1;PDE4D;PDE2A;PRKCA;GNG11;GNG13;GNAO1;ADCY9;PDE10A;PDE3A;PDE7B
KEGG_2019_Mouse,Glutamatergic synapse,40/114,0.0005036023920946713,0.0040567970474292,0,0,1.998837959149795,15.178622794712966,ITPR1;GRIK3;ADCY4;SLC1A3;CACNA1A;GRIK4;ADCY3;CACNA1D;CACNA1C;SLC1A6;PLD1;ADCY7;GNAI1;GLS;GNAI2;GNG10;GNGT2;GNG2;GNG4;GNG8;DLGAP1;SLC17A7;PRKACB;SLC38A2;GRIA3;GRIA4;PRKCG;HOMER1;TRPC1;PRKCA;GRIN2C;GNG11;GNG13;GNAO1;GRIN3B;ADCY9;DLG4;PLCB1;SHANK3;SHANK1
KEGG_2019_Mouse,AGE-RAGE signaling pathway in diabetic complications,35/101,0.0014037493029027,0.0110023594011297,0,0,1.9596686544539303,12.872296275889592,SERPINE1;PIK3CD;PIK3R2;ICAM1;AKT3;CCL2;PLCG1;EGR1;VCAM1;NOS3;PRKCE;MMP2;FN1;CYBB;VEGFC;PRKCA;NFATC1;VEGFD;SELE;COL1A1;MAPK10;IL6;COL3A1;COL1A2;COL4A2;COL4A1;COL4A4;COL4A3;COL4A6;BCL2;COL4A5;NOX4;PLCB1;PLCD4;PLCD1
KEGG_2019_Mouse,Cholesterol metabolism,20/49,0.0016090677352252,0.0122797274530346,0,0,2.545545943228715,16.373206861103956,ABCA1;MYLIP;ABCG8;LRPAP1;ABCG5;LRP1;OSBPL5;PCSK9;LCAT;LRP2;CYP27A1;NCEH1;NPC1;SOAT1;APOC2;LIPG;APOC1;ANGPTL4;APOE;PLTP
KEGG_2019_Mouse,Fluid shear stress and atherosclerosis,46/143,0.0016858939874255,0.0125361347782929,0,0,1.7535284950209624,11.197084835535415,PRKAA1;BMPR2;NCF1;ITGB3;ITGA2B;PDGFA;PIK3CD;CALML3;PLAT;GSTT1;PIK3R2;CALML4;ICAM1;CDH5;NPPC;CTSL;GPC1;AKT3;KDR;HMOX1;CCL2;ITGAV;MAP2K6;ACVR1;MEF2A;NQO1;MEF2C;GSTM2;VCAM1;GSTM1;CAV3;DUSP1;NOS3;IL1R2;CAV1;MMP2;SELE;TNFRSF1A;BMP4;MAPK10;TRPV4;BCL2;PECAM1;CALM2;GSTM5;NFE2L2
KEGG_2019_Mouse,Regulation of actin cytoskeleton,65/217,0.001777658401589,0.0127782075756517,0,0,1.5827856088653192,10.022923842933324,ITGB1;CHRM3;CHRM1;CHRM4;ITGB3;ITGA2B;ITGB2;PIK3CD;FGF1;FGF2;MYLK;FGF9;CFL2;BDKRB2;PIP4K2A;ITGB8;ITGAV;ITGB7;VAV3;APC2;PDGFRB;ARHGEF12;PPP1R12A;ITGA3;ACTN1;ITGA2;F2R;ITGA1;TIAM1;ITGA8;ARHGEF4;ITGA7;ITGA6;ITGA5;PPP1R12B;MYL9;VCL;ITGA9;PDGFA;PIK3R2;LPAR4;EGFR;SLC9A1;RRAS;PDGFC;PAK3;MYH10;FGF23;FGF21;GSN;LIMK2;FN1;MSN;SSH1;FGF17;DIAPH2;CXCL12;LPAR5;ABI2;ITGA11;FGF18;FGFR4;FGFR3;FGFR2;FGFR1
KEGG_2019_Mouse,Basal cell carcinoma,24/63,0.0018065741744886,0.0127782075756517,0,0,2.272100222676829,14.351318777653043,APC2;FZD1;WNT10B;CDKN1A;WNT10A;TCF7L1;FZD3;FZD2;HHIP;FZD7;TCF7;PTCH2;FZD9;FZD8;FZD10;AXIN2;WNT9A;GLI1;KIF7;GLI3;GLI2;BMP4;WNT6;WNT11
KEGG_2019_Mouse,Small cell lung cancer,32/92,0.0020525276418683,0.0141722146700431,0,0,1.9702271476852944,12.193111746223384,ITGB1;CDKN1A;LAMA2;LAMC3;LAMA1;LAMA4;ITGA2B;LAMA3;PIK3CD;LAMC2;PIK3R2;LAMC1;PTGS2;FHIT;AKT3;ITGAV;LAMB3;ITGA3;LAMB2;ITGA2;FN1;LAMB1;COL4A2;COL4A1;COL4A4;COL4A3;TRAF5;COL4A6;BCL2;RARB;COL4A5;ITGA6
KEGG_2019_Mouse,Estrogen signaling pathway,43/134,0.0024621149075366,0.0163915573252558,0,0,1.7466760190164443,10.491819243261558,SHC4;SHC2;ITPR1;ADCY4;TGFA;KRT23;PIK3CD;ADCY3;CALML3;PIK3R2;CALML4;KRT42;KRT20;ADCY7;EGFR;GNAI1;GNAI2;KRT33A;KRT28;CREB3L2;AKT3;PRKACB;NCOA1;KCNJ5;GABBR1;NOS3;MMP2;KRT35;HSPA2;KRT32;KRT31;ESR2;KRT9;GNAO1;ADCY9;KRT17;KRT16;KRT15;KRT14;BCL2;RARA;PLCB1;CALM2
KEGG_2019_Mouse,Cytokine-cytokine receptor interaction,83/292,0.0024869949045215,0.0163915573252558,0,0,1.4707996939626131,8.81991534854433,CNTFR;CXCL9;CSF2;EDA;BMPR2;CSF1;AMHR2;IL23R;IL24;CXCL14;CX3CL1;IL27RA;CCL27A;CCL27B;CCR7;AMH;IL13RA1;ACVR1;IL10;IL11;TNFRSF12A;IL1R2;TNFRSF18;IL19;IL16;LIFR;OSMR;NGF;IL17RB;IL17RA;TNFRSF1A;CSF2RB2;EDAR;TNFRSF25;IL6ST;CCL11;IL20RA;IL20RB;TNFRSF11B;CSF2RB;IL2RG;IL1RL1;CCL7;CCL4;CCL2;TNFRSF14;RELT;IL11RA1;IL12RB2;GDF10;NGFR;GDF11;XCR1;GM20878;GDF15;CD70;TNFSF12;PPBP;INHBA;GDF6;BMP7;BMP6;EPOR;BMP5;IL22RA1;BMP4;GDF9;CXCL10;CXCL11;IL6;CD4;CXCL12;IL7;TNFSF4;CLCF1;LEP;IL2RB;ACKR4;TNFSF9;ACKR3;TNFSF8;INHA;IL17B
KEGG_2019_Mouse,Complement and coagulation cascades,30/88,0.0039133223193393,0.0252191882801871,0,0,1.9101237738425156,10.588520088398363,C1QB;CFH;PROS1;SERPINE1;ITGB2;C5AR1;PLAT;TFPI;C4B;SERPINA1A;SERPINA1B;VTN;C1S2;C1S1;PLAU;BDKRB2;A2M;C1RB;C1RA;SERPINB2;F12;FGG;F2R;PROCR;F8;SERPING1;MASP1;KLKB1;F2RL3;C1QC
KEGG_2019_Mouse,Gastric acid secretion,26/74,0.0044124014087937,0.0276212662407392,0,0,1.9997154854407035,10.845129383067952,CAMK2B;CHRM3;ATP1A4;ADCY4;ITPR1;ADCY3;CALML3;ATP1A2;CALML4;ATP1A1;ADCY7;GNAI1;MYLK;SLC9A1;GNAI2;PRKACB;CAMK2G;KCNJ2;PRKCG;ATP1B3;PRKCA;ATP1B2;ADCY9;PLCB1;KCNK2;CALM2
KEGG_2019_Mouse,Leukocyte transendothelial migration,37/115,0.0045039448665444,0.0276212662407392,0,0,1.752418222319072,9.467968026616449,ITGB1;NCF1;ITGB2;PIK3CD;PIK3R2;THY1;ARHGAP5;GNAI1;ICAM1;GNAI2;CLDN22;CDH5;RASSF5;CLDN24;CTNNA1;CTNNA3;PLCG1;JAM2;JAM3;PRKCG;VAV3;VCAM1;ACTN1;MMP2;CYBB;MSN;PRKCA;CLDN5;CXCL12;CLDN15;PECAM1;ESAM;MYL9;VCL;RAPGEF3;SIPA1;RAPGEF4
KEGG_2019_Mouse,Melanogenesis,33/100,0.0045717957915706,0.0276212662407392,0,0,1.8191354548014644,9.801227503129864,CAMK2B;TCF7;ADCY4;ADCY3;CALML3;FZD10;CALML4;ADCY7;GNAI1;GNAI2;WNT6;EDNRB;WNT11;CREB3L2;PRKACB;CAMK2G;PRKCG;FZD1;WNT10B;WNT10A;FZD3;TCF7L1;FZD2;FZD7;FZD9;FZD8;PRKCA;WNT9A;GNAO1;ADCY9;KITL;PLCB1;CALM2
KEGG_2019_Mouse,Relaxin signaling pathway,41/131,0.0050111855707247,0.0296580370512279,0,0,1.683251942869145,8.914641580245428,SHC4;SHC2;RXFP4;ADCY4;PIK3CD;ADCY3;PIK3R2;ADCY7;EGFR;GNAI1;GNAI2;GNG10;EDNRB;GNGT2;GNG2;GNG4;CREB3L2;AKT3;GNG8;PRKACB;NOS3;MMP2;VEGFC;PRKCA;VEGFD;GNG11;GNG13;COL1A1;GNAO1;ACTA2;MAPK10;COL3A1;ADCY9;COL1A2;COL4A2;COL4A1;COL4A4;COL4A3;COL4A6;COL4A5;PLCB1
KEGG_2019_Mouse,Insulin secretion,29/86,0.0053725302480035,0.0311606754384207,0,0,1.878524067000678,9.81802394337969,CAMK2B;CHRM3;RYR2;ADCYAP1R1;ATP1A4;ADCY4;SLC2A2;ADCY3;ATP1A2;CACNA1D;ATP1A1;CACNA1C;ADCY7;PCLO;KCNMB1;CREB3L2;KCNMB4;KCNN2;PRKACB;CAMK2G;PRKCG;ATP1B3;PRKCA;ATP1B2;GCK;ADCY9;KCNMA1;PLCB1;RAPGEF4
KEGG_2019_Mouse,GABAergic synapse,30/90,0.0056575538370719,0.0321704041715854,0,0,1.846217299080839,9.55373819595976,ADCY4;CACNA1B;ADCY3;CACNA1A;ABAT;CACNA1D;CACNA1C;ADCY7;GNAI1;GLS;GNAI2;GABRR1;GNG10;GNGT2;GNG2;GNG4;GNG8;GABRE;PRKACB;SLC38A2;SLC38A5;PRKCG;GABBR1;PLCL1;SLC6A13;PRKCA;GNG11;GNG13;GNAO1;ADCY9
KEGG_2019_Mouse,Type II diabetes mellitus,18/48,0.0077749556465325,0.0433603295672009,0,0,2.213443008225617,10.750355197466774,PRKCE;ADIPOQ;CACNA1B;IRS4;CACNA1A;SLC2A2;PIK3CD;IRS2;PIK3R2;CACNA1D;CACNA1C;SLC2A4;MAFA;GCK;CACNA1G;MAPK10;SOCS3;SOCS1
KEGG_2019_Mouse,Malaria,18/49,0.0098821012666508,0.0540718748552592,0,0,2.1419051590159586,9.88924061413536,IL10;VCAM1;LRP1;GYPC;HGF;ITGB2;HBB-BS;THBS1;SELE;THBS4;ICAM1;THBS3;COMP;SELP;IL6;PECAM1;CCL2;ACKR1
KEGG_2019_Mouse,Bile secretion,24/72,0.0124507440928113,0.0667382635173974,0,0,1.8450223582019296,8.092221737083465,ABCC4;ABCG8;ABCG5;SCT;SLC10A1;EPHX1;ATP1A4;ADCY4;ADCY3;AQP4;ATP1B3;ATP1A2;ATP1B2;ATP1A1;SLC4A4;ADCY7;AQP1;SLC9A1;ADCY9;NCEH1;KCNN2;ABCB1A;PRKACB;ABCB1B
KEGG_2019_Mouse,TGF-beta signaling pathway,29/91,0.0126572568739891,0.0667382635173974,0,0,1.726479128028944,7.543892956331263,BMPR2;HAMP2;AMHR2;ZFYVE9;CHRD;THBS1;AMH;ACVR1;SMAD1;TGIF2;FST;NOG;SMAD9;INHBA;GDF6;SMAD6;BMP7;DCN;BMP6;RGMA;BMP5;SMAD7;BMP4;BAMBI;ID4;ID3;FMOD;NBL1;HAMP
KEGG_2019_Mouse,Dopaminergic synapse,40/135,0.0146859377938691,0.0751201333101065,0,0,1.5549007174207667,6.563025792272295,CAMK2B;MAOB;MAOA;CACNA1B;ITPR1;CACNA1A;CALML3;CACNA1D;CALML4;CACNA1C;SLC6A3;GNAI1;GNAI2;GNG10;GNGT2;GNG2;KIF5C;GNG4;CREB3L2;AKT3;GNG8;PRKACB;CAMK2G;GRIA3;SLC18A2;SCN1A;GRIA4;PRKCG;KCNJ5;PRKCA;GNG11;GNG13;GNAO1;MAPK10;TH;PPP2R2C;PPP2R2B;PLCB1;CLOCK;CALM2
KEGG_2019_Mouse,Breast cancer,43/147,0.0147649917195726,0.0751201333101065,0,0,1.5270708310601928,6.437361475739626,SHC4;SHC2;CDKN1A;NOTCH4;FLT4;TCF7;PIK3CD;PIK3R2;FZD10;FGF1;FGF2;DLL1;EGFR;IGF1R;DLL4;WNT6;WNT11;PEG12;FGF9;HEY1;AKT3;FGF23;HES5;FGF21;FZD1;JAG2;NCOA1;APC2;WNT10B;WNT10A;FZD3;TCF7L1;FZD2;JAG1;FZD7;FZD9;FZD8;AXIN2;WNT9A;ESR2;FGF17;FGF18;FGFR1
KEGG_2019_Mouse,Hedgehog signaling pathway,16/44,0.0161354248487097,0.0806771242435487,0,0,2.107319037551596,8.696353809476747,EVC2;DHH;HHIP;PTCH2;LRP2;GLI1;KIF7;GLI3;GLI2;CCND2;EVC;GPR161;BOC;BCL2;GAS1;PRKACB
KEGG_2019_Mouse,Serotonergic synapse,39/132,0.0165799183159337,0.0814945137562846,0,0,1.5484632849284594,6.348022876387294,APP;MAOB;MAOA;CACNA1B;ITPR1;HTR2B;CACNA1A;CACNA1D;ALOX12;CACNA1C;HTR2A;PTGS2;GNAI1;GNAI2;GNG10;HTR7;GNGT2;GNG2;ALOX8;GNG4;ALOX5;GNG8;KCNN2;PRKACB;SLC18A2;PRKCG;KCNJ5;CYP2J6;DUSP1;TRPC1;CYP2J9;HTR1D;PRKCA;GNG11;GNG13;GNAO1;CYP2D22;PLCB1;RAPGEF3
KEGG_2019_Mouse,ABC transporters,17/48,0.0176532066090775,0.0853238319438746,0,0,2.0224351200582102,8.164242610545484,ABCA1;ABCC4;ABCG8;ABCD2;ABCC1;ABCG5;ABCA5;ABCA8A;ABCA6;ABCC5;ABCC6;ABCA9;ABCC9;ABCA12;ABCB1A;ABCB1B;ABCG4
KEGG_2019_Mouse,Gap junction,27/86,0.0192147433713615,0.0913487799622106,0,0,1.688672090182585,6.67376282168228,GUCY1B1;HTR2B;ADCY4;ITPR1;ADCY3;PDGFA;HTR2A;ADCY7;EGFR;GNAI1;GNAI2;TUBB6;GJA1;TUBA1A;TUBB3;TUBB1;PDGFC;PRKG2;PRKACB;PRKG1;PDGFRB;PRKCG;GUCY1A2;GUCY1A1;PRKCA;ADCY9;PLCB1
KEGG_2019_Mouse,Glioma,24/75,0.0208461203130059,0.0975060466253501,0,0,1.7361593731397007,6.71995663602325,PDGFRB;PRKCG;SHC4;CAMK2B;CDKN1A;SHC2;CAMK1D;PIK3CD;TGFA;PDGFA;CALML3;PRKCA;PIK3R2;CALML4;EGFR;IGF1R;CAMK4;AKT3;MDM2;PLCG1;CAMK1;CAMK2G;CALM2;CAMK1G
KEGG_2019_Mouse,Amphetamine addiction,22/68,0.0231009918090515,0.1063378988035706,0,0,1.7641987051640022,6.647288535444745,PRKCG;CAMK2B;MAOB;MAOA;CALML3;PRKCA;CACNA1D;CALML4;CACNA1C;GRIN2C;SLC6A3;ARC;GRIN3B;TH;CAMK4;CREB3L2;PRKACB;CAMK2G;CALM2;SLC18A2;GRIA3;GRIA4
KEGG_2019_Mouse,"Parathyroid hormone synthesis, secretion and action",32/107,0.0236011162590504,0.1069425580488221,0,0,1.5746726401006053,5.899450057422922,CDKN1A;ITPR1;ADCY4;ADCY3;PTH1R;PLD1;ADCY7;EGFR;PTHLH;GNAI1;GNAI2;CREB3L2;PDE4B;PRKACB;FGF23;PRKCG;MEF2A;EGR1;MEF2C;SLC34A1;PDE4D;PRKCA;RUNX2;NR4A2;MMP14;ADCY9;MAFB;TRPV5;MMP17;BCL2;PLCB1;FGFR1
KEGG_2019_Mouse,Thyroid hormone synthesis,23/73,0.0279454593742431,0.1246797418235465,0,0,1.696804705882353,6.070319764944026,PRKCG;GPX8;ATP1A4;ADCY4;ITPR1;GPX7;ADCY3;ATP1B3;PRKCA;ATP1A2;ATP1B2;LRP2;ATP1A1;ADCY7;ASGR1;ADCY9;TG;PAX8;CREB3L2;DUOXA2;PLCB1;PRKACB;TSHB
KEGG_2019_Mouse,Proximal tubule bicarbonate reclamation,9/22,0.0301517694944597,0.1324850477786867,0,0,2.5513421850194837,8.933554429475054,ATP1A4;ATP1A2;ATP1B3;ATP1A1;ATP1B2;PCK1;SLC4A4;GLS;AQP1
KEGG_2019_Mouse,Cardiac muscle contraction,24/78,0.0330991689351606,0.1432650595700982,0,0,1.639392275306608,5.587453975639318,RYR2;TPM4;TPM2;CACNA2D1;COX4I2;TPM1;ATP1A4;ATP2A2;ATP1B3;ATP1A2;CACNA1D;ATP1B2;ATP1A1;CACNA1C;COX6B2;SLC8A1;SLC9A1;MYL4;CACNB1;CACNB2;CACNG7;CACNB4;ACTC1;CACNG5
KEGG_2019_Mouse,Signaling pathways regulating pluripotency of stem cells,38/137,0.0456841843657081,0.1948296097949318,0,0,1.4164406759448085,4.371140339776724,BMPR2;PIK3CD;PIK3R2;FZD10;FGF2;IGF1R;WNT6;WNT11;AKT3;ACVR1;FZD1;APC2;WNT10B;SMAD1;WNT10A;FZD3;FZD2;FZD7;FZD9;FZD8;SMAD9;LIFR;INHBA;AXIN2;WNT9A;KLF4;DUSP9;TBX3;BMP4;MEIS1;ID4;ID3;IL6ST;FGFR4;FGFR3;NEUROG1;FGFR2;FGFR1
KEGG_2019_Mouse,Gastric cancer,41/150,0.0484602250180193,0.2036734094960234,0,0,1.3881523039836283,4.201953571250625,SHC4;SHC2;CDKN1A;TCF7;PIK3CD;PIK3R2;FZD10;FGF1;FGF2;EGFR;WNT6;MUC2;WNT11;PEG12;FGF9;AKT3;CTNNA1;CTNNA3;ABCB1A;FGF23;ABCB1B;FGF21;FZD1;APC2;WNT10B;WNT10A;FZD3;TCF7L1;FZD2;HGF;FZD7;FZD9;FZD8;AXIN2;WNT9A;FGF17;FGF18;BCL2;RARB;CDH17;FGFR2
KEGG_2019_Mouse,Pancreatic secretion,30/105,0.0492686241158896,0.2041128713372572,0,0,1.4755597454631155,4.442125142317162,CHRM3;RYR2;SCT;ITPR1;ATP1A4;ADCY4;PLA2G3;ATP2A2;ADCY3;ATP1A2;ATP1A1;SLC4A4;ADCY7;SLC9A1;CLCA3B;CD38;CLCA3A1;CLCA3A2;PRKCG;TRPC1;CTRB1;ATP2B4;ATP2B3;ATP1B3;PRKCA;ATP1B2;BST1;ADCY9;KCNMA1;PLCB1
KEGG_2019_Mouse,Hematopoietic cell lineage,27/94,0.056335681993683,0.2301034898333534,0,0,1.4862803270505691,4.275177102183789,CSF2;CSF1;ITGB3;ITGA2B;CD38;CD34;IL11RA1;IL11;MME;ITGA3;GP1BB;IL1R2;ITGA2;ITGA1;GP1BA;H2-AA;EPOR;FCGR1;IL6;CD4;IL7;KITL;FLT3L;ITGA6;ITGA5;CD44;H2-AB1
KEGG_2019_Mouse,Transcriptional misregulation in cancer,48/183,0.0664650173432351,0.2677063198546972,0,0,1.312147271531887,3.5573356012735373,CDKN1A;CSF2;FLT1;JMJD1C;PDGFA;PLAT;MLLT3;MPO;IGF1R;LYL1;HHEX;CCND2;PLAU;ITGB7;GRIA3;RUNX1T1;NGFR;SMAD1;ARNT2;MEF2C;BCL11B;EYA1;IL1R2;IGFBP3;PBX3;ETV1;ETV4;RUNX2;FLI1;PBX1;DUSP6;ETV5;RUNX1;FCGR1;IL6;MEIS1;MYCN;MAF;NR4A3;ZEB1;PAX8;IL2RB;MDM2;BMP2K;RARA;PPARG;ERG;CDK14
KEGG_2019_Mouse,Cocaine addiction,15/48,0.0715827676667704,0.2843698989501841,0,0,1.675349075536957,4.417729500221832,GPSM1;MAOB;MAOA;BDNF;GRIN2C;SLC6A3;GNAI1;GNAI2;GRIN3B;TH;DLG4;CREB3L2;PRKACB;SLC18A2;CDK5R1
KEGG_2019_Mouse,Pertussis,22/76,0.0735396315521176,0.2881958533799206,0,0,1.502069229897976,3.9202967668074575,ITGB1;IL10;C1QB;C1RB;C1RA;ITGB2;CALML3;CALML4;GNAI1;GNAI2;C4B;MAPK10;C1S2;IL6;C1S1;CFL2;IRF1;IRF8;SERPING1;ITGA5;CALM2;C1QC
KEGG_2019_Mouse,JAK-STAT signaling pathway,43/164,0.0791071899978965,0.3058811346585333,0,0,1.3110954809213995,3.3261856610847444,CNTFR;CDKN1A;CSF2;IL23R;IL24;FHL1;IL20RA;IL20RB;PDGFA;PIK3CD;CSF2RB;PIK3R2;IL2RG;EGFR;IL27RA;SOCS3;CCND2;SOCS1;AKT3;AOX1;IL11RA1;IL13RA1;SOCS5;IL12RB2;PDGFRB;IL10;PIAS3;IL11;STAT2;IL19;LIFR;OSMR;EPOR;GFAP;IL22RA1;CSF2RB2;IL6;IL7;LEP;IL2RB;BCL2;IL6ST;IRF9
KEGG_2019_Mouse,Notch signaling pathway,15/49,0.083582953527305,0.3189349542489271,0,0,1.6259704915315116,4.035521666049542,JAG2;NUMBL;JAG1;MAML2;MAML1;NOTCH4;DTX3;RBPJ;DLL1;LFNG;DLL4;APH1B;MFNG;MAML3;HES5
KEGG_2019_Mouse,Thyroid hormone signaling pathway,31/115,0.0904601846806358,0.3406942020439532,0,0,1.3609174692979502,3.2700743807220696,THRA;NOTCH4;ITGB3;ATP1A4;PIK3CD;ATP2A2;PIK3R2;ATP1A2;ATP1A1;SLC9A1;PLN;AKT3;ITGAV;PLCG1;PRKACB;PRKCG;NCOA1;DIO3;ATP1B3;PRKCA;SLC16A10;ATP1B2;MED13L;BMP4;RCAN1;RCAN2;MDM2;PLCB1;PLCD4;PLCD1;PFKP
KEGG_2019_Mouse,Prion diseases,11/34,0.0916911064902565,0.3409028318227485,0,0,1.7622263481117255,4.2105400851885975,C1QB;EGR1;PRNP;IL6;CASP12;NCAM1;FYN;LAMC1;ELK1;PRKACB;C1QC
KEGG_2019_Mouse,Aldosterone-regulated sodium reabsorption,12/38,0.0939081123795503,0.3447259821527797,0,0,1.7006842019749788,4.022863892253305,PRKCG;ATP1A4;PIK3CD;ATP1A2;PIK3R2;SFN;ATP1B3;PRKCA;ATP1A1;ATP1B2;SGK1;NR3C2
KEGG_2019_Mouse,Hepatocellular carcinoma,44/171,0.0977509114227784,0.354347053907572,0,0,1.278014757495583,2.971809578437272,SHC4;SHC2;CDKN1A;SMARCD3;TCF7;TGFA;PIK3CD;GSTT1;PIK3R2;FZD10;ELK1;EGFR;IGF1R;WNT6;WNT11;PEG12;AKT3;DPF1;HMOX1;PLCG1;PRKCG;FZD1;APC2;WNT10B;NQO1;WNT10A;FZD3;GSTM2;TCF7L1;FZD2;GSTM1;PHF10;TXNRD3;HGF;FZD7;TXNRD1;FZD9;FZD8;PRKCA;AXIN2;WNT9A;SMARCA2;GSTM5;NFE2L2
KEGG_2019_Mouse,Tight junction,43/167,0.0997982928662919,0.3573025300151192,0,0,1.279129489819263,2.9478871963199214,ITGB1;PRKAA1;PARD6G;CACNA1D;PRKAG3;CLDN22;TUBA1A;CLDN24;MICALL2;MYH11;SYNPO;BVES;PRKACB;MYH10;MPDZ;JAM2;RAB8B;JAM3;MAGI1;PRKAB2;MPP4;ACTN1;PRKCE;MSN;RUNX1;MAPK10;TIAM1;CLDN5;MYH1;MYL6;MYH2;DLG2;MYH3;CLDN15;PPP2R2C;PPP2R2B;PARD3;NEDD4;HCLS1;AMOTL2;AMOTL1;NF2;MYL9
KEGG_2019_Mouse,Th1 and Th2 cell differentiation,24/87,0.1012666256202963,0.3581380662181212,0,0,1.4043864662833832,3.216042736640694,JAG2;JAG1;MAML2;MAML1;NFATC2;NFATC1;RBPJ;IL2RG;RUNX3;DLL1;H2-AA;DLL4;MAPK10;ZAP70;CD4;MAF;LCK;TBX21;IL2RB;PRKCQ;MAML3;PLCG1;IL12RB2;H2-AB1
KEGG_2019_Mouse,Insulin resistance,29/110,0.1231052943306344,0.4250688823193899,0,0,1.319899698630456,2.76481401180717,CRTC2;PRKAA1;SLC2A2;PIK3CD;IRS2;PIK3R2;PYGM;SLC2A4;PRKAG3;RPS6KA3;SOCS3;RPS6KA2;CREB3L2;AKT3;PCK1;PPARGC1A;PRKAB2;NOS3;PRKCE;GFPT2;TNFRSF1A;MAPK10;IL6;PPP1R3C;PPP1R3B;PPP1R3D;SLC27A6;PRKCQ;SLC27A3
KEGG_2019_Mouse,Inflammatory mediator regulation of TRP channels,33/127,0.1231234003959612,0.4250688823193899,0,0,1.2943822761942996,2.711171917188394,CAMK2B;ITPR1;HTR2B;ADCY4;PIK3CD;ADCY3;CALML3;PIK3R2;ALOX12;CALML4;HTR2A;ADCY7;HRH1;ASIC4;BDKRB2;PLCG1;PRKACB;CAMK2G;MAP2K6;PRKCG;CYP2J6;PRKCE;CYP4A32;CYP2J9;TRPV2;PRKCA;NGF;MAPK10;ADCY9;TRPV4;PRKCQ;PLCB1;CALM2
KEGG_2019_Mouse,GnRH signaling pathway,24/90,0.1362612532492126,0.4648913346149605,0,0,1.340293972913413,2.671448824601604,CAMK2B;EGR1;MMP2;LHB;ADCY4;ITPR1;ADCY3;CALML3;PRKCA;CACNA1D;CALML4;CACNA1C;PLD1;ELK1;ADCY7;EGFR;MAPK10;MMP14;ADCY9;PLCB1;PRKACB;CAMK2G;CALM2;MAP2K6
KEGG_2019_Mouse,Long-term depression,17/61,0.1397342555767945,0.4711969083403536,0,0,1.4237173188653451,2.801893956426853,RYR1;PRKCG;GUCY1A2;GNAZ;GUCY1A1;GUCY1B1;ITPR1;CACNA1A;PRKCA;GNAI1;IGF1R;GNAI2;GNAO1;PRKG2;PLCB1;PRKG1;GRIA3
KEGG_2019_Mouse,Cushing syndrome,40/159,0.1418361429081732,0.4727871430272441,0,0,1.2394015012099808,2.4206537677483526,CAMK2B;CDKN1A;TCF7;ITPR1;ADCY4;ADCY3;CACNA1D;FZD10;AHR;CACNA1C;ADCY7;CACNA1H;EGFR;GNAI1;CACNA1G;GNAI2;WNT6;WNT11;CREB3L2;PRKACB;CAMK2G;FZD1;APC2;WNT10B;WNT10A;FZD3;TCF7L1;FZD2;FZD7;AIP;FZD9;FZD8;AXIN2;WNT9A;PBX1;NR4A1;ADCY9;NCEH1;PLCB1;KCNK2
KEGG_2019_Mouse,C-type lectin receptor signaling pathway,29/112,0.1456683649320725,0.4800434753443299,0,0,1.287930231765895,2.4810980525855486,ITPR1;PIK3CD;CALML3;PIK3R2;CALML4;LSP1;PTGS2;MALT1;RRAS;CLEC7A;AKT3;IKBKE;IL10;EGR2;EGR3;ARHGEF12;KSR1;STAT2;NFATC2;NFATC1;NFATC4;MAPK10;IL6;IRF1;MAPKAPK2;MDM2;CALM2;MAP3K14;IRF9
KEGG_2019_Mouse,Toxoplasmosis,28/108,0.1489690633337137,0.4854048131098538,0,0,1.2900942285041226,2.456360856601423,ITGB1;LAMA2;LAMC3;LAMA1;LAMA4;LAMA3;LAMC2;LAMC1;GNAI1;PIK3R5;GNAI2;SOCS1;ALOX5;AKT3;MAP2K6;IL10;LAMB3;LAMB2;IRGM1;LAMB1;HSPA2;H2-AA;TNFRSF1A;GNAO1;MAPK10;BCL2;ITGA6;H2-AB1
KEGG_2019_Mouse,Fc gamma R-mediated phagocytosis,23/87,0.1525926715594114,0.4916874972469925,0,0,1.3244448529411763,2.489934053177321,VAV3;PRKCG;MARCKSL1;GSN;NCF1;SPHK1;PRKCE;LIMK2;ASAP3;PIK3CD;PRKCA;PIK3R2;ASAP1;PLD1;FCGR1;MARCKS;CFL2;INPP5D;AKT3;PLCG1;PLPP3;PLPP1;WASF3
KEGG_2019_Mouse,Other types of O-glycan biosynthesis,7/22,0.172279950372253,0.5463998019538768,0,0,1.718768557587123,3.0226856946799745,B4GALT2;LFNG;COLGALT2;POGLUT1;MFNG;EOGT;GXYLT2
KEGG_2019_Mouse,Prostate cancer,25/97,0.1733406268267471,0.5463998019538768,0,0,1.2796054352374977,2.2425042758291758,CDKN1A;TCF7;PDGFA;TGFA;PIK3CD;PLAT;PIK3R2;EGFR;IGF1R;PLAU;CREB3L2;AKT3;PDGFC;NKX3-1;PDGFRB;TCF7L1;IL1R2;ETV5;AR;ZEB1;MDM2;BCL2;ERG;FGFR2;FGFR1
KEGG_2019_Mouse,Adherens junction,19/72,0.1830635868683539,0.5647706403385387,0,0,1.320870035748818,2.242733919386728,TCF7L1;ACTN1;TCF7;PTPRM;LMO7;SORBS1;EGFR;IGF1R;PTPRB;PARD3;CTNNA1;SNAI2;CTNNA3;FYN;NECTIN3;VCL;WASF3;FGFR1;NECTIN1
KEGG_2019_Mouse,Melanoma,19/72,0.1830635868683539,0.5647706403385387,0,0,1.320870035748818,2.242733919386728,PDGFRB;CDKN1A;HGF;PIK3CD;PDGFA;PIK3R2;FGF1;FGF2;EGFR;IGF1R;FGF17;FGF9;AKT3;PDGFC;FGF18;MDM2;FGF23;FGF21;FGFR1
KEGG_2019_Mouse,Carbohydrate digestion and absorption,12/43,0.1917810554832219,0.5854369062119408,0,0,1.4259260661210833,2.354775579881273,AKT3;ATP1A4;SLC2A2;PIK3CD;ATP1A2;PIK3R2;CACNA1D;TAS1R2;ATP1B3;ATP1A1;ATP1B2;LCT
KEGG_2019_Mouse,African trypanosomiasis,11/39,0.1952191510496272,0.5897245187957489,0,0,1.4470821881075284,2.364000492562594,PRKCG;IL10;IL6;VCAM1;LAMA4;NPPA;PRKCA;HBB-BS;PLCB1;SELE;ICAM1
KEGG_2019_Mouse,Neurotrophin signaling pathway,30/121,0.20641793510798,0.6171257853743733,0,0,1.21487750995175,1.9168973391989423,SHC4;CAMK2B;SHC2;MAGED1;PIK3CD;CALML3;PIK3R2;CALML4;RPS6KA3;NTF5;RPS6KA2;AKT3;ARHGDIB;NTF3;PLCG1;CAMK2G;SH2B2;NGFR;NTRK2;BDNF;RIPK2;NTRK3;TRP73;NGF;MAPK10;CAMK4;MAPKAPK2;BCL2;RAPGEF1;CALM2
KEGG_2019_Mouse,Insulin signaling pathway,34/139,0.2127063884224859,0.6294372718624582,0,0,1.1933362540581225,1.847096597469733,SHC4;SHC2;PRKAA1;IRS4;PIK3CD;CALML3;IRS2;PIK3R2;PYGM;CALML4;SLC2A4;ELK1;PRKAG3;SOCS3;SOCS1;PHKG1;AKT3;FLOT2;PCK1;PRKACB;PPARGC1A;SH2B2;PRKAB2;SORBS1;GCK;MAPK10;PPP1R3F;PPP1R3C;PRKAR1B;PPP1R3B;PRKAR1A;PPP1R3D;RAPGEF1;CALM2
KEGG_2019_Mouse,Phospholipase D signaling pathway,36/149,0.2283985304456042,0.6690462002952043,0,0,1.1740315509596246,1.7336492284395626,DGKG;SHC4;SHC2;DGKB;ADCY4;PDGFA;PIK3CD;ADCY3;LPAR3;PIK3R2;LPAR4;PLD1;ADCY7;EGFR;PIK3R5;AGPAT4;RRAS;AKT3;PDGFC;FYN;PLCG1;PDGFRB;SPHK1;F2R;PRKCA;AVPR1A;ADCY9;LPAR5;KITL;PLPP3;PLCB1;DGKI;PLPP1;RAPGEF3;DGKH;RAPGEF4
KEGG_2019_Mouse,Mucin type O-glycan biosynthesis,8/28,0.2349642758905362,0.6813964000825552,0,0,1.4731066822977723,2.133532512683432,GALNT6;GALNT14;GALNT4;GALNT16;GALNT2;GALNT18;GCNT4;ST3GAL2
KEGG_2019_Mouse,Histidine metabolism,7/24,0.2391680628025135,0.6867201803240486,0,0,1.5163674471194948,2.1692982600453954,HAL;MAOB;ALDH2;MAOA;AMDHD1;HDC;FTCD
KEGG_2019_Mouse,Arginine and proline metabolism,13/50,0.2586670714141311,0.7288488090676619,0,0,1.2940616673011038,1.749847633999428,OAT;MAOB;MAOA;NOS3;AZIN2;SAT2;ALDH4A1;ALDH2;P4HA1;P4HA3;SMS;CKB;L3HYPDH
KEGG_2019_Mouse,Phosphatidylinositol signaling system,24/98,0.2588669908067902,0.7288488090676619,0,0,1.1947866906680744,1.6146835983969592,DGKG;PRKCG;CDS1;DGKB;IPMK;ITPR1;PIK3CD;CALML3;PRKCA;PIK3R2;CALML4;INPP4A;ITPKB;INPP5D;INPP5E;PIP4K2A;PLCG1;PLCB1;CALM2;PLCD4;DGKI;PLCD1;DGKH;CDS2
KEGG_2019_Mouse,Chemokine signaling pathway,46/197,0.2721700938692103,0.7589358386737597,0,0,1.1225471072904083,1.4608020527851315,SHC4;SHC2;CXCL9;CCL11;NCF1;ADCY4;ADCY3;PIK3CD;PIK3R2;RASGRP2;ADCY7;CXCL14;CX3CL1;GNAI1;PIK3R5;GNAI2;GNG10;GNGT2;GNG2;GRK5;CCL7;GRK4;GNG4;AKT3;CCL4;CCL27A;CCL27B;GNG8;CCL2;CCR7;PRKACB;VAV3;XCR1;GM20878;STAT2;PPBP;GNG11;GNG13;TIAM1;CXCL10;CXCL11;ADCY9;CXCL12;PARD3;ELMO1;PLCB1
KEGG_2019_Mouse,Endocrine and other factor-regulated calcium reabsorption,14/55,0.2753266732036803,0.760426049800641,0,0,1.2576180140763604,1.6220719212712849,PRKCG;ATP1A4;ATP1B3;PRKCA;ATP1A2;PTH1R;ATP1B2;ATP1A1;SLC8A1;ADCY9;TRPV5;BDKRB2;PLCB1;PRKACB
KEGG_2019_Mouse,Central carbon metabolism in cancer,16/64,0.2818011405177315,0.7659983110736658,0,0,1.2277033904940882,1.5549521885758557,RET;PDGFRB;NTRK3;SLC2A2;PIK3CD;PIK3R2;SLC1A5;EGFR;GCK;GLS;AKT3;SLC16A3;FGFR3;FGFR2;PFKP;FGFR1
KEGG_2019_Mouse,Glycosaminoglycan degradation,6/21,0.282626963051318,0.7659983110736658,0,0,1.4728849308647762,1.8611777595574828,HPSE2;IDUA;HYAL1;HEXB;HYAL2;HEXA
KEGG_2019_Mouse,Purine metabolism,32/136,0.2989854729050699,0.8028313624302802,0,0,1.1334772277946057,1.3685153971488473,GUCY2E;GUCY1B1;PDE1B;NPR1;PDE1A;NPR2;AK1;ADCY4;ADCY3;AK4;AK5;FHIT;ADCY7;DGUOK;NT5E;PDE4B;PDE6D;ENPP1;NUDT16;GUCY1A2;ENTPD1;GUCY1A1;PDE4D;PDE2A;AMPD1;AMPD3;NT5C3B;ADCY9;PDE10A;PDE3A;PDE5A;PDE7B
KEGG_2019_Mouse,Ovarian steroidogenesis,14/57,0.3254571542588464,0.8658951810556466,0,0,1.1989712619514352,1.3458745642276158,CYP2J6;LHB;CYP2J9;ADCY4;ADCY3;PTGS2;ADCY7;BMP6;IGF1R;ADCY9;ALOX5;CYP1A1;CYP1B1;PRKACB
KEGG_2019_Mouse,ErbB signaling pathway,20/84,0.3317828173467355,0.8679840698641813,0,0,1.1508787914413354,1.2697354404082988,PRKCG;SHC4;CAMK2B;CDKN1A;SHC2;PIK3CD;TGFA;NRG1;PRKCA;PIK3R2;NRG2;ELK1;EGFR;EREG;MAPK10;AKT3;ABL2;PLCG1;PAK3;CAMK2G
KEGG_2019_Mouse,Mineral absorption,11/44,0.3322855487431044,0.8679840698641813,0,0,1.2274362584076333,1.352340900120135,TRPV6;ATP1A4;HMOX1;ATP1A2;ATP1B3;ATP1A1;ATP1B2;CLCN2;STEAP2;SLC8A1;SLC26A6
KEGG_2019_Mouse,Neuroactive ligand-receptor interaction,78/348,0.3352214338785803,0.8679840698641813,0,0,1.0644470931002517,1.1634023195234304,CHRM3;OXTR;CHRM1;THRA;SCT;CHRM4;RXFP4;GRIK3;HTR2B;GRIK4;ADM;OXT;ADRA1D;PTH1R;TRH;HTR2A;EDNRA;GABRR1;CYSLTR1;HTR7;EDNRB;UCN2;ADORA1;BDKRB2;TSHB;PTGIR;EDN2;F2R;GLP2R;NPY1R;AVPR1A;SSTR1;ADRA2B;SSTR3;GAL;ADRB3;LTB4R2;ADORA2A;ADORA2B;PARD3;LTB4R1;APLNR;ADCYAP1R1;CALCRL;NPY4R;LHB;C5AR1;OPRL1;LPAR3;GPR83;LPAR4;MCHR1;HRH1;GALR3;NPW;TBXA2R;CNR1;NPY;PENK;P2RY1;KISS1R;S1PR1;S1PR3;GABRE;S1PR5;GRIA3;GRIA4;GABBR1;HTR1D;GPR50;GRIN2C;HCRTR1;P2RX7;GRIN3B;GLRB;LEP;P2RX1;F2RL3
KEGG_2019_Mouse,Adipocytokine signaling pathway,17/71,0.3412350896250344,0.8757360707191149,0,0,1.1593262670565303,1.246488620509408,PRKAB2;PRKAA1;ADIPOQ;IRS4;IRS2;SLC2A4;CPT1C;PRKAG3;TNFRSF1A;MAPK10;SOCS3;NPY;LEP;AKT3;PRKCQ;PCK1;PPARGC1A
KEGG_2019_Mouse,VEGF signaling pathway,14/58,0.3512991034384375,0.8891010044644492,0,0,1.1716472069841406,1.2256803797277458,PRKCG;SHC2;NOS3;SPHK1;HSPB1;PIK3CD;NFATC2;PRKCA;PIK3R2;PTGS2;AKT3;MAPKAPK2;KDR;PLCG1
KEGG_2019_Mouse,Long-term potentiation,16/67,0.3525745362531436,0.8891010044644492,0,0,1.155264454854058,1.2043553715648283,PRKCG;CAMK2B;ITPR1;CALML3;PRKCA;CALML4;CACNA1C;GRIN2C;RPS6KA3;RPS6KA2;CAMK4;PLCB1;PRKACB;CAMK2G;CALM2;RAPGEF3
KEGG_2019_Mouse,Retrograde endocannabinoid signaling,34/150,0.3792291158740501,0.9480727896851254,0,0,1.0794144682789533,1.046616167333929,CACNA1B;ITPR1;ADCY4;NDUFA4L2;CACNA1A;ADCY3;CACNA1D;CACNA1C;PTGS2;ADCY7;GNAI1;GNAI2;RIMS1;GNG10;GABRR1;GNGT2;GNG2;GNG4;CNR1;GNG8;SLC17A7;GABRE;PRKACB;GRIA3;GRIA4;PRKCG;KCNJ5;PRKCA;GNG11;GNG13;GNAO1;MAPK10;ADCY9;PLCB1
KEGG_2019_Mouse,TNF signaling pathway,25/110,0.3998993121082905,0.9782176005078568,0,0,1.0830009970089731,0.9926164232043204,CSF2;CSF1;PIK3CD;PIK3R2;PTGS2;CX3CL1;ICAM1;SOCS3;CREB3L2;AKT3;CCL2;RIPK1;MAP2K6;VCAM1;JAG1;RIPK3;SELE;TNFRSF1A;MAPK10;CXCL10;IL6;MMP14;IRF1;TRAF5;MAP3K14
KEGG_2019_Mouse,Cortisol synthesis and secretion,16/69,0.4015192142535815,0.9782176005078568,0,0,1.1115277389959268,1.0142689401960647,ADCY4;ITPR1;ADCY3;CACNA1D;CACNA1C;ADCY7;CACNA1H;PBX1;CACNA1G;NR4A1;ADCY9;NCEH1;CREB3L2;PLCB1;PRKACB;KCNK2
KEGG_2019_Mouse,Thiamine metabolism,4/15,0.4033470289425557,0.9782176005078568,0,0,1.3386997167742072,1.21548308207447,AK1;ALPL;AK4;AK5
KEGG_2019_Mouse,Sphingolipid signaling pathway,28/124,0.4047796967618718,0.9782176005078568,0,0,1.0739791912053396,0.9713200103252644,PIK3CD;PIK3R2;PLD1;GNAI1;GNAI2;SGPL1;AKT3;ADORA1;BDKRB2;S1PR1;S1PR3;FYN;S1PR5;PRKCG;CERS4;ABCC1;CERS6;NOS3;PRKCE;SPHK1;PRKCA;TNFRSF1A;MAPK10;PPP2R2C;PPP2R2B;BCL2;DEGS1;PLCB1
KEGG_2019_Mouse,Synthesis and degradation of ketone bodies,3/11,0.427866923698103,0.9999963739976568,0,0,1.3804742388758782,1.1719440214092065,BDH2;OXCT2B;HMGCLL1
KEGG_2019_Mouse,Taurine and hypotaurine metabolism,3/11,0.427866923698103,0.9999963739976568,0,0,1.3804742388758782,1.1719440214092065,GGT7;GGT6;CSAD
KEGG_2019_Mouse,Vasopressin-regulated water reabsorption,10/43,0.439720018735875,0.9999963739976568,0,0,1.1155893914514603,0.9165872934448208,DYNC2LI1;DYNC2H1;ADCY9;CREB3L2;ARHGDIB;ADCY3;AQP4;DYNLL1;PRKACB;RAB11B
KEGG_2019_Mouse,Metabolism of xenobiotics by cytochrome P450,15/66,0.4410905822159439,0.9999963739976568,0,0,1.0828060674716105,0.8862822049190867,CBR2;GSTM2;GSTM1;EPHX1;DHDH;GSTT1;UGT1A6A;UGT1A6B;HPGDS;ADH1;CYP2S1;CYP1A1;CYP1B1;CBR3;GSTM5
KEGG_2019_Mouse,Primary bile acid biosynthesis,4/16,0.4563605309474434,0.9999963739976568,0,0,1.2270633247442804,0.962596996958566,CYP27A1;CH25H;CYP7B1;CYP46A1
KEGG_2019_Mouse,HIF-1 signaling pathway,23/104,0.4641941039422892,0.9999963739976568,0,0,1.0453391430646333,0.8022481248614993,PRKCG;CAMK2B;CDKN1A;FLT1;ANGPT2;NOS3;SERPINE1;CYBB;PIK3CD;PRKCA;PIK3R2;ENO3;EGFR;IGF1R;IL6;AKT3;NPPA;BCL2;HMOX1;PLCG1;ELOC;TEK;CAMK2G
KEGG_2019_Mouse,Endometrial cancer,13/58,0.47391886687566,0.9999963739976568,0,0,1.0634637454355764,0.7941087322076925,APC2;CDKN1A;TCF7L1;TCF7;ILK;PIK3CD;PIK3R2;AXIN2;ELK1;EGFR;AKT3;CTNNA1;CTNNA3
KEGG_2019_Mouse,Prolactin signaling pathway,16/72,0.4755933980946333,0.9999963739976568,0,0,1.0517802610825866,0.7816746710360575,SHC4;SHC2;LHB;SLC2A2;PIK3CD;PIK3R2;GCK;ESR2;MAPK10;SOCS3;CCND2;SOCS1;TH;IRF1;AKT3;SOCS5
KEGG_2019_Mouse,Nicotine addiction,9/40,0.4921747398202952,0.9999963739976568,0,0,1.0686921261272166,0.757618785880522,GABRR1;GRIN3B;CACNA1B;CACNA1A;SLC17A7;GABRE;GRIN2C;GRIA3;GRIA4
KEGG_2019_Mouse,Nitrogen metabolism,4/17,0.5076697108426925,0.9999963739976568,0,0,1.1326017622574194,0.7678181643982258,CAR13;CAR9;CAR12;CAR7
KEGG_2019_Mouse,Selenocompound metabolism,4/17,0.5076697108426925,0.9999963739976568,0,0,1.1326017622574194,0.7678181643982258,TXNRD3;TXNRD1;CTH;PSTK
KEGG_2019_Mouse,Nicotinate and nicotinamide metabolism,8/36,0.5153090043917254,0.9999963739976568,0,0,1.0516831351532407,0.6972538765443573,NT5C3B;BST1;NT5E;NNMT;NAPRT;ENPP1;AOX1;CD38
KEGG_2019_Mouse,Glucagon signaling pathway,22/102,0.5190501699974083,0.9999963739976568,0,0,1.0122147729945896,0.6637646290403143,CAMK2B;PFKFB1;CRTC2;PRKAB2;PRKAA1;ITPR1;SLC2A2;CALML3;PYGM;CALML4;CPT1C;PRKAG3;GCK;PHKG1;CREB3L2;AKT3;PCK1;PLCB1;PRKACB;PPARGC1A;CALM2;CAMK2G
KEGG_2019_Mouse,Longevity regulating pathway,22/102,0.5190501699974083,0.9999963739976568,0,0,1.0122147729945896,0.6637646290403143,PRKAB2;PRKAA1;ADIPOQ;IRS4;ADCY4;PIK3CD;ADCY3;IRS2;PIK3R2;HSPA2;ADCY7;PRKAG3;IGF1R;ADCY9;CAMK4;CREB3L2;AKT3;PPARG;PRKACB;PPARGC1A;CRYAB;APPL1
KEGG_2019_Mouse,Bacterial invasion of epithelial cells,16/74,0.5243124544819976,0.9999963739976568,0,0,1.0153823722388278,0.6555993827899749,ITGB1;SHC4;SHC2;CAV3;CAV1;FN1;ILK;PIK3CD;PIK3R2;ELMO1;CTNNA1;ELMO2;HCLS1;CTNNA3;ITGA5;VCL
KEGG_2019_Mouse,Maturity onset diabetes of the young,6/27,0.5320223995837432,0.9999963739976568,0,0,1.0516589105761829,0.6636700585249384,HHEX;NR5A2;SLC2A2;MAFA;GCK;FOXA3
KEGG_2019_Mouse,Phototransduction,6/27,0.5320223995837432,0.9999963739976568,0,0,1.0516589105761829,0.6636700585249384,GUCY2E;RHO;CALML3;CALML4;GNAT1;CALM2
KEGG_2019_Mouse,FoxO signaling pathway,28/132,0.5515739746844432,0.9999963739976568,0,0,0.9908580230135,0.5895400284649998,CDKN1A;PRKAA1;IRS4;AGAP2;FOXO6;PIK3CD;IRS2;PIK3R2;SLC2A4;PRKAG3;EGFR;IGF1R;CCND2;BCL2L11;AKT3;S1PR1;PCK1;IL10;CDKN2D;PRKAB2;HOMER1;FBXO32;MAPK10;IL6;CCNG2;MDM2;SGK3;SGK1
KEGG_2019_Mouse,Choline metabolism in cancer,21/99,0.5545190269732796,0.9999963739976568,0,0,0.99087307330487,0.5842724287474269,DGKG;PDGFRB;PRKCG;PCYT1B;DGKB;SLC44A2;PDGFA;PIK3CD;PRKCA;PIK3R2;PLD1;EGFR;MAPK10;AKT3;PDGFC;PLCG1;PLPP3;DGKI;PLPP1;WASF3;DGKH
KEGG_2019_Mouse,Ether lipid metabolism,10/47,0.5632808290725667,0.9999963739976568,0,0,0.9947315366034578,0.570952990265939,GAL3ST1;LPCAT2;ENPP2;PLA2G3;PLD4;PLD1;ENPP6;PLPP3;PLA2G7;PLPP1
KEGG_2019_Mouse,Mannose type O-glycan biosynthesis,5/23,0.564192941730346,0.9999963739976568,0,0,1.0224018535874206,0.5851808930282767,B3GALNT2;B4GALT2;B4GAT1;FUT9;CHST10
KEGG_2019_Mouse,Intestinal immune network for IgA production,9/43,0.5876113787694193,0.9999963739976568,0,0,0.9742095243350624,0.5179769457093163,IL10;IL6;CXCL12;MADCAM1;ITGB7;ICOSL;H2-AA;MAP3K14;H2-AB1
KEGG_2019_Mouse,Sphingolipid metabolism,10/48,0.5924768695670373,0.9999963739976568,0,0,0.9684926602219835,0.5069511349502399,CERS4;SGPL1;GAL3ST1;CERS6;SPHK1;ACER3;DEGS1;PLPP3;B4GALT6;PLPP1
KEGG_2019_Mouse,Synaptic vesicle cycle,16/77,0.594724279689684,0.9999963739976568,0,0,0.9652606892408646,0.5016048372327463,SYT1;STXBP1;SLC6A13;CACNA1B;SLC1A3;CACNA1A;SLC1A6;SLC6A2;SLC6A3;RIMS1;STX1B;SLC6A9;SLC17A7;ATP6V0A4;STX2;SLC18A2
KEGG_2019_Mouse,Vitamin B6 metabolism,2/9,0.6039832212367081,0.9999963739976568,0,0,1.0516105294845637,0.5302313471214961,AOX1;PDXP
KEGG_2019_Mouse,Vitamin digestion and absorption,5/24,0.6051811696241376,0.9999963739976568,0,0,0.968529571351058,0.4864220999241694,CUBN;ABCC1;SLC19A3;LRAT;SLC19A1
KEGG_2019_Mouse,Fatty acid elongation,6/29,0.6080134829438635,0.9999963739976568,0,0,0.9600880366004014,0.4776996958469566,HACD1;ACOT7;ELOVL4;ELOVL2;ELOVL3;THEM5
KEGG_2019_Mouse,Glutathione metabolism,13/64,0.6301508306390805,0.9999963739976568,0,0,0.9379913467734512,0.433160721891175,GSTM2;GGT7;GSTM1;GGT6;IDH1;GPX8;GPX7;GSTT1;HPGDS;NAT8;NAT8F1;SMS;GSTM5
KEGG_2019_Mouse,Fat digestion and absorption,8/40,0.6448184525868886,0.9999963739976568,0,0,0.9199882766705744,0.4036784089722564,ABCA1;ABCG8;ABCG5;DGAT2;NPC1L1;PLA2G3;PLPP3;PLPP1
KEGG_2019_Mouse,Osteoclast differentiation,26/128,0.6487821257305585,0.9999963739976568,0,0,0.9378015392641634,0.4057476443773008,NCF1;CSF1;ITGB3;FHL2;PIK3CD;PIK3R2;TNFRSF11B;SOCS3;SOCS1;CTSK;AKT3;FYN;MAP2K6;STAT2;NFATC2;NFATC1;TNFRSF1A;FCGR1;FOSL1;MAPK10;LCK;CAMK4;LCP2;PPARG;MAP3K14;IRF9
KEGG_2019_Mouse,PPAR signaling pathway,17/85,0.6625041519242153,0.9999963739976568,0,0,0.9198190789473684,0.3787156874137885,CYP4A32;ADIPOQ;UCP1;ILK;AQP7;SORBS1;CPT1C;CYP27A1;FABP4;PLIN4;OLR1;SLC27A6;PPARG;PLIN1;ANGPTL4;PCK1;PLTP
KEGG_2019_Mouse,Staphylococcus aureus infection,19/95,0.6668618765927489,0.9999963739976568,0,0,0.9197813822284908,0.3726699713212864,IL10;C1QB;C1RB;C1RA;CFH;ITGB2;FGG;C5AR1;H2-AA;ICAM1;C4B;FCGR1;SELP;C1S2;C1S1;MASP1;CAMP;H2-AB1;C1QC
KEGG_2019_Mouse,p53 signaling pathway,14/71,0.6780245964676587,0.9999963739976568,0,0,0.9036797205504956,0.3511443776718173,CDKN1A;IGFBP3;SERPINE1;TRP73;THBS1;SERPINB5;CCND2;AIFM2;PERP;CCNG2;ADGRB1;BCL2;MDM2;SFN
KEGG_2019_Mouse,"Neomycin, kanamycin and gentamicin biosynthesis",1/5,0.6993774910406013,0.9999963739976568,0,0,0.920119382022472,0.3290021538533214,GCK
KEGG_2019_Mouse,Thyroid cancer,7/37,0.7040383158760991,0.9999963739976568,0,0,0.858563838099703,0.3012893670544185,RET;CDKN1A;TCF7L1;PAX8;TCF7;NCOA4;PPARG
KEGG_2019_Mouse,Th17 cell differentiation,20/102,0.7049739458530652,0.9999963739976568,0,0,0.8972145917085788,0.3136612265480362,IL23R;NFATC2;NFATC1;AHR;IL2RG;H2-AA;IL27RA;RUNX1;MAPK10;ZAP70;IL6;CD4;LCK;TBX21;IL2RB;RARA;PRKCQ;PLCG1;IL6ST;H2-AB1
KEGG_2019_Mouse,Ascorbate and aldarate metabolism,5/27,0.7137099103202749,0.9999963739976568,0,0,0.8362976058618046,0.2820653586693981,UGDH;ALDH2;RGN;UGT1A6A;UGT1A6B
KEGG_2019_Mouse,Fc epsilon RI signaling pathway,13/68,0.719804404225783,0.9999963739976568,0,0,0.8695518565941102,0.2858875765771974,VAV3;CSF2;PIK3CD;PRKCA;PIK3R2;MAPK10;ALOX5;INPP5D;AKT3;LCP2;FYN;PLCG1;MAP2K6
KEGG_2019_Mouse,Taste transduction,17/88,0.7201790854401671,0.9999963739976568,0,0,0.880784708249497,0.2891223086427983,HCN4;CHRM3;GABBR1;PDE1B;PDE1A;HTR1D;ADCY4;CACNA1A;TAS2R143;CACNA1C;TAS2R135;GNG13;P2RY1;TAS1R2;SCN2A;PRKACB;SCN3A
KEGG_2019_Mouse,Progesterone-mediated oocyte maturation,17/90,0.7550569987177816,0.9999963739976568,0,0,0.8565441858069832,0.2406563997321474,ADCY4;PIK3CD;ADCY3;PIK3R2;ADCY7;GNAI1;IGF1R;GNAI2;MAPK10;STK10;RPS6KA3;CPEB1;ADCY9;RPS6KA2;AKT3;PRKACB;CPEB2
KEGG_2019_Mouse,Phosphonate and phosphinate metabolism,1/6,0.7636212939956878,0.9999963739976568,0,0,0.7360486891385768,0.1985000403286803,PCYT1B
KEGG_2019_Mouse,AMPK signaling pathway,24/126,0.7692282044042689,0.9999963739976568,0,0,0.8652554926418673,0.227015005907532,PFKFB1;CRTC2;PRKAB2;PFKFB4;PRKAA1;ADIPOQ;IRS4;PIK3CD;IRS2;PIK3R2;SLC2A4;CPT1C;PRKAG3;IGF1R;RAB11B;PPP2R2C;PPP2R2B;LEP;CREB3L2;AKT3;PPARG;PCK1;PPARGC1A;PFKP
KEGG_2019_Mouse,Pantothenate and CoA biosynthesis,3/18,0.7730124936204644,0.9999963739976568,0,0,0.7359250585480094,0.1894713156277308,VNN1;ENPP1;BCAT1
KEGG_2019_Mouse,Non-small cell lung cancer,12/66,0.7796201929607717,0.9999963739976568,0,0,0.8173876763409736,0.2034873623705131,PRKCG;CDKN1A;RASSF5;AKT3;PIK3CD;RARB;TGFA;PRKCA;PIK3R2;PLCG1;FHIT;EGFR
KEGG_2019_Mouse,Ferroptosis,7/40,0.7809614616110476,0.9999963739976568,0,0,0.7803634090553921,0.1929288361548663,PRNP;MAP1LC3A;NCOA4;HMOX1;CYBB;SAT2;SLC7A11
KEGG_2019_Mouse,Circadian rhythm,5/30,0.7992432301591509,0.9999963739976568,0,0,0.7358013120899719,0.1648856875654265,PRKAA1;PRKAB2;BHLHE41;CLOCK;PRKAG3
KEGG_2019_Mouse,Arginine biosynthesis,3/19,0.804909346457347,0.9999963739976568,0,0,0.689885831381733,0.1497229009756655,NOS3;NAGS;GLS
KEGG_2019_Mouse,mTOR signaling pathway,29/154,0.8062932330675959,0.9999963739976568,0,0,0.85288972667295,0.183633802078678,PRKAA1;PIK3CD;PIK3R2;FZD10;IGF1R;RPS6KA3;WNT6;WNT11;RPS6KA2;AKT3;RNF152;PRKCG;FZD1;WNT10B;WNT10A;FZD3;FZD2;FZD7;FZD9;FZD8;PRKCA;CASTOR1;WNT9A;TNFRSF1A;RRAGB;CASTOR2;RRAGD;ULK2;SGK1
KEGG_2019_Mouse,Inositol phosphate metabolism,13/73,0.810607002837555,0.9999963739976568,0,0,0.7968348982785602,0.1673129580932473,IPMK;PIK3CD;ITPKB;INPP4A;PIP5KL1;INPP5D;INPP5E;PIP4K2A;PLCG1;PLCH2;PLCB1;PLCD4;PLCD1
KEGG_2019_Mouse,Asthma,4/25,0.8132688028683545,0.9999963739976568,0,0,0.7007774766031969,0.1448462147051698,IL10;CCL11;H2-AA;H2-AB1
KEGG_2019_Mouse,Renal cell carcinoma,12/68,0.813864837119731,0.9999963739976568,0,0,0.788094679317397,0.1623167481753099,ARNT2;CDKN1A;EPAS1;HGF;AKT3;RAPGEF1;PIK3CD;TGFA;PIK3R2;ELOC;PAK3;ETS1
KEGG_2019_Mouse,Phagosome,34/180,0.8166188450061979,0.9999963739976568,0,0,0.8559688735066102,0.1734045907619541,ITGB1;H2-T24;H2-M9;NCF1;ITGB3;H2-M3;ITGB2;MPO;CORO1A;THBS1;CTSS;THBS4;THBS3;COMP;MRC2;TUBB6;TUBA1A;TUBB3;CLEC7A;CTSL;TUBB1;OLR1;ATP6V0A4;ITGAV;DYNC2H1;C1RB;C1RA;ITGA2;CYBB;H2-AA;FCGR1;ITGA5;PLA2R1;H2-AB1
KEGG_2019_Mouse,Rheumatoid arthritis,15/84,0.8201241753222456,0.9999963739976568,0,0,0.7994159331794882,0.1585237933267888,IL11;CSF2;FLT1;CSF1;ITGB2;H2-AA;ICAM1;IL6;CXCL12;CTSL;CTSK;CCL2;ATP6V0A4;TEK;H2-AB1
KEGG_2019_Mouse,Human cytomegalovirus infection,49/255,0.8205713759353235,0.9999963739976568,0,0,0.8740265978964401,0.172842589242284,H2-T24;CDKN1A;ITGB3;PIK3CD;CALML3;CALML4;ELK1;CX3CL1;GNGT2;CREB3L2;AKT3;ITGAV;PRKACB;PRKCG;ARHGEF12;PRKCA;TNFRSF1A;ADCY9;TRAF5;PLCB1;H2-M9;H2-M3;ADCY4;ITPR1;ADCY3;PIK3R2;PTGS2;ADCY7;GNAI1;EGFR;GNAI2;GNG10;GNG2;GNG4;CCL4;GNG8;CCL2;RIPK1;MAP2K6;NFATC2;NFATC1;GNG11;NFATC4;GNG13;GNAO1;IL6;CXCL12;MDM2;CALM2
KEGG_2019_Mouse,Acute myeloid leukemia,12/69,0.8294337633275316,0.9999963739976568,0,0,0.7742190491483344,0.1447882712944962,FCGR1;TCF7L1;CSF2;AKT3;TCF7;RARA;PIK3CD;PIK3R2;MPO;DUSP6;RUNX1;RUNX1T1
KEGG_2019_Mouse,Oocyte meiosis,21/116,0.8345918655729176,0.9999963739976568,0,0,0.812675149774719,0.1469417908743032,CAMK2B;ITPR1;ADCY4;ADCY3;CALML3;CALML4;FBXO43;SMC1A;ADCY7;REC8;IGF1R;RPS6KA3;AR;CPEB1;ADCY9;STAG3;RPS6KA2;PRKACB;CPEB2;CALM2;CAMK2G
KEGG_2019_Mouse,Inflammatory bowel disease (IBD),10/59,0.8384518889770308,0.9999963739976568,0,0,0.7505493400738198,0.1322453503036703,IL10;IL6;MAF;IL23R;TBX21;NFATC1;IL2RG;H2-AA;IL12RB2;H2-AB1
KEGG_2019_Mouse,T cell receptor signaling pathway,18/101,0.8396413044223572,0.9999963739976568,0,0,0.797338354593462,0.1393591938036838,IL10;VAV3;CSF2;NFATC2;PIK3CD;PIK3R2;NFATC1;MALT1;ZAP70;CD4;LCK;AKT3;PRKCQ;LCP2;FYN;PLCG1;PAK3;MAP3K14
KEGG_2019_Mouse,Biosynthesis of unsaturated fatty acids,5/32,0.8441017184069787,0.9999963739976568,0,0,0.6812107327571245,0.1154531428405055,HACD1;ACOT7;ELOVL4;ELOVL2;ELOVL3
KEGG_2019_Mouse,Amino sugar and nucleotide sugar metabolism,8/49,0.8509013839446364,0.9999963739976568,0,0,0.717627884367941,0.1158675090575725,CYB5R2;UGDH;GNPDA2;HEXB;GFPT2;HEXA;CMAH;GCK
KEGG_2019_Mouse,Glycerophospholipid metabolism,17/97,0.8536749822346181,0.9999963739976568,0,0,0.7812470629699249,0.1235969888612395,DGKG;CDS1;ACHE;PCYT1B;DGKB;PLA2G3;PLD4;LCAT;PLD1;AGPAT4;PHOSPHO1;LPCAT2;PLPP3;DGKI;PLPP1;DGKH;CDS2
KEGG_2019_Mouse,Riboflavin metabolism,1/8,0.8538613959363538,0.9999963739976568,0,0,0.5256821829855538,0.083050634690927,ENPP1
KEGG_2019_Mouse,Butanoate metabolism,4/27,0.8590143422195023,0.9999963739976568,0,0,0.6397588275433611,0.0972239319665706,BDH2;ABAT;OXCT2B;HMGCLL1
KEGG_2019_Mouse,Viral myocarditis,15/87,0.8591553692991222,0.9999963739976568,0,0,0.7659601534366682,0.1162769648851833,H2-T24;H2-M9;LAMA2;CAV1;ITGB2;H2-M3;H2-AA;ICAM1;SGCA;SGCB;DAG1;ABL2;DMD;FYN;H2-AB1
KEGG_2019_Mouse,Chagas disease (American trypanosomiasis),18/103,0.8624370089487022,0.9999963739976568,0,0,0.7784779152554089,0.1152094112203271,IL10;C1QB;SERPINE1;PIK3CD;PIK3R2;GNAI1;TNFRSF1A;GNAI2;GNAO1;MAPK10;IL6;PPP2R2C;PPP2R2B;AKT3;BDKRB2;CCL2;PLCB1;C1QC
KEGG_2019_Mouse,Glycerolipid metabolism,10/61,0.8673893156568967,0.9999963739976568,0,0,0.7210240418006283,0.1025781907610042,DGKG;DGAT2;ALDH2;DGKB;LIPG;PLPP3;DGKI;PLPP1;DGKH;AGPAT4
KEGG_2019_Mouse,Colorectal cancer,15/88,0.8705966204780807,0.9999963739976568,0,0,0.7554192913259167,0.1046833853729569,APC2;CDKN1A;TCF7L1;TCF7;PIK3CD;TGFA;PIK3R2;AXIN2;EGFR;EREG;MAPK10;BCL2L11;AKT3;BCL2;APPL1
KEGG_2019_Mouse,Leishmaniasis,11/67,0.8748975177884547,0.9999963739976568,0,0,0.7222506200978749,0.0965277278978849,ITGB1;IL10;FCGR1;MARCKSL1;NCF1;ITGB2;CYBB;PTGS2;ELK1;H2-AA;H2-AB1
KEGG_2019_Mouse,Tyrosine metabolism,6/40,0.8840535239857725,0.9999963739976568,0,0,0.6490163911826742,0.0799832682839212,AOC3;ADH1;MAOB;TH;MAOA;AOX1
KEGG_2019_Mouse,Sulfur metabolism,1/9,0.8850960800544199,0.9999963739976568,0,0,0.4599426498127341,0.0561401743127126,ETHE1
KEGG_2019_Mouse,Phenylalanine metabolism,3/23,0.8971187586996066,0.9999963739976568,0,0,0.551768149882904,0.0599038294237778,AOC3;MAOB;MAOA
KEGG_2019_Mouse,Bladder cancer,6/41,0.8979483427308522,0.9999963739976568,0,0,0.6304328902875891,0.0678615218893237,CDKN1A;MMP2;MDM2;THBS1;FGFR3;EGFR
KEGG_2019_Mouse,IL-17 signaling pathway,15/91,0.9005610765149858,0.9999963739976568,0,0,0.7254610516427282,0.0759828256757682,CSF2;CCL11;PTGS2;MAPK15;IL17RB;IL17RA;MAPK10;FOSL1;CXCL10;IL6;CCL7;TRAF5;CCL2;IKBKE;IL17B
KEGG_2019_Mouse,Retinol metabolism,15/91,0.9005610765149858,0.9999963739976568,0,0,0.7254610516427282,0.0759828256757682,CYP4A32;UGT1A6A;UGT1A6B;CYP26B1;ADH1;RDH12;DHRS9;ALDH1A2;RDH10;CYP2S1;ALDH1A1;CYP1A1;AOX1;LRAT;BCO1
KEGG_2019_Mouse,Kaposi sarcoma-associated herpesvirus infection,39/216,0.9010754010932056,0.9999963739976568,0,0,0.8092279608976566,0.0842943139957436,H2-T24;H2-M9;CDKN1A;CSF2;H2-M3;ITPR1;PIK3CD;CALML3;PIK3R2;CALML4;PTGS2;FGF2;ICAM1;PIK3R5;GNG10;GNGT2;GNG2;GNG4;AKT3;GNG8;PLCG1;IKBKE;MAP2K6;ANGPT2;STAT2;NFATC2;NFATC1;GNG11;NFATC4;GNG13;TNFRSF1A;MAPK10;RCAN1;IL6;MAPKAPK2;IRF7;IL6ST;CALM2;IRF9
KEGG_2019_Mouse,NF-kappa B signaling pathway,17/102,0.903107144122034,0.9999963739976568,0,0,0.7350563909774436,0.0749125951665304,CARD10;VCAM1;PTGS2;MALT1;ICAM1;TNFRSF1A;ZAP70;CXCL12;PLAU;LCK;TRAF5;CCL4;BCL2;PRKCQ;RIPK1;PLCG1;MAP3K14
KEGG_2019_Mouse,Drug metabolism,19/114,0.91349239630846,0.9999963739976568,0,0,0.7349318288669487,0.0664967986242049,CDA;GSTM2;GSTM1;MAOB;MAOA;FMO1;GSTT1;MPO;UGT1A6A;FMO5;UGT1A6B;UCKL1;HPGDS;ADH1;CES2E;CES2G;AOX1;UPP1;GSTM5
KEGG_2019_Mouse,MicroRNAs in cancer,51/281,0.9210443573711192,0.9999963739976568,0,0,0.8139013037299446,0.0669410070260266,TRIM71;CDKN1A;BMPR2;ITGB3;TRP63;IRS2;GLS;CCND2;TNN;PLAU;CYP1B1;TIMP3;PRKCG;APC2;PDGFRB;ABCC1;MIR23B;PRKCE;TPM1;DNMT3A;MIR27B;MIR145A;PRKCA;SERPINB5;ZEB2;ZEB1;ITGA5;ZFPM2;CD44;SHC4;TNXB;NOTCH4;PDGFA;PTGS2;HOXD10;THBS1;EGFR;SOCS1;BCL2L11;HMOX1;PLCG1;ABCB1A;ABCB1B;FZD3;MARCKS;MIR143;MDM2;BCL2;VIM;FGFR3;RECK
KEGG_2019_Mouse,"Alanine, aspartate and glutamate metabolism",5/37,0.9210880227599152,0.9999963739976568,0,0,0.574588507497657,0.047230988152385,ALDH4A1;GFPT2;ABAT;RIMKLB;GLS
KEGG_2019_Mouse,Basal transcription factors,6/43,0.9214932290838712,0.9999963739976568,0,0,0.5962794291831086,0.0487517164559851,GTF2A1L;GTF2A1;TAF13;TAF11;TAF4B;TAF9B
KEGG_2019_Mouse,Other glycan degradation,2/18,0.9222429848375504,0.9999963739976568,0,0,0.4598162022945446,0.0372205347996088,HEXB;HEXA
KEGG_2019_Mouse,B cell receptor signaling pathway,11/72,0.9250444954371688,0.9999963739976568,0,0,0.6628381964905262,0.0516440036882834,VAV3;IFITM1;CD72;INPP5D;AKT3;PIK3CD;NFATC2;PIK3R2;NFATC1;MALT1;RASGRP3
KEGG_2019_Mouse,Ubiquinone and other terpenoid-quinone biosynthesis,1/11,0.928967297729765,0.9999963739976568,0,0,0.3679073033707865,0.0271080511431873,NQO1
KEGG_2019_Mouse,Galactose metabolism,4/32,0.9335551056435946,0.9999963739976568,0,0,0.525348860556169,0.0361205114320335,B4GALT2;LCT;GCK;PFKP
KEGG_2019_Mouse,beta-Alanine metabolism,4/32,0.9335551056435946,0.9999963739976568,0,0,0.525348860556169,0.0361205114320335,AOC3;ALDH2;SMS;ABAT
KEGG_2019_Mouse,One carbon pool by folate,2/19,0.9360468817125271,0.9999963739976568,0,0,0.4327406448414064,0.028599706517924,ALDH1L2;FTCD
KEGG_2019_Mouse,Steroid biosynthesis,2/19,0.9360468817125271,0.9999963739976568,0,0,0.4327406448414064,0.028599706517924,SOAT1;CYP51
KEGG_2019_Mouse,Folate biosynthesis,3/26,0.9381837312561632,0.9999963739976568,0,0,0.4797067508400366,0.0306098352618167,TH;ALPL;PCBD1
KEGG_2019_Mouse,Human T-cell leukemia virus 1 infection,43/245,0.9414032136150658,0.9999963739976568,0,0,0.7812829155255951,0.0471767815980896,H2-T24;H2-M9;CDKN1A;CRTC2;CRTC3;CSF2;SRF;H2-M3;ITGB2;ADCY4;ADCY3;PIK3CD;PIK3R2;IL2RG;ELK1;ADCY7;ETS1;ICAM1;CCND2;CREB3L2;AKT3;MSX1;PRKACB;EGR1;EGR2;NFYB;IL1R2;NFATC2;NFATC1;H2-AA;NFATC4;TNFRSF1A;FOSL1;MAPK10;IL6;CD4;ADCY9;LCK;IL2RB;TLN1;MAP3K14;SLC25A4;H2-AB1
KEGG_2019_Mouse,Tuberculosis,30/178,0.9447205342699132,0.9999963739976568,0,0,0.744262409947067,0.0423233200977529,CAMK2B;ITGB2;CALML3;CALML4;LSP1;CORO1A;CTSS;MALT1;MRC2;CLEC7A;AKT3;ATP6V0A4;CAMK2G;CAMP;IL10;CD74;ARHGEF12;KSR1;RIPK2;NFYB;SPHK1;H2-AA;TNFRSF1A;FCGR1;MAPK10;IL6;BCL2;PLA2R1;CALM2;H2-AB1
KEGG_2019_Mouse,Apoptosis,23/141,0.9458340775894604,0.9999963739976568,0,0,0.7158664007976072,0.0398652533029575,NGFR;ITPR1;PIK3CD;CSF2RB;PIK3R2;NGF;PTPN13;CTSS;TNFRSF1A;CSF2RB2;MAPK10;BCL2L11;CASP12;TUBA1A;CTSL;CTSK;AKT3;CAPN2;BCL2;RIPK1;CTSF;MAP3K14;BOK
KEGG_2019_Mouse,Amyotrophic lateral sclerosis (ALS),7/52,0.9476994090137644,0.9999963739976568,0,0,0.5718289316038965,0.0307174528570077,CASP12;ALS2;BCL2;GRIN2C;TNFRSF1A;PRPH;MAP2K6
KEGG_2019_Mouse,Pentose and glucuronate interconversions,4/34,0.9516447696356696,0.9999963739976568,0,0,0.4902631373467634,0.0242991349285191,UGDH;DHDH;UGT1A6A;UGT1A6B
KEGG_2019_Mouse,Toll-like receptor signaling pathway,15/99,0.9537702447722765,0.9999963739976568,0,0,0.656034019995974,0.0310517106432255,CXCL9;PIK3CD;PIK3R2;MAPK10;CXCL10;CXCL11;IL6;CTSK;AKT3;CCL4;IRF7;RIPK1;TLR7;IKBKE;MAP2K6
KEGG_2019_Mouse,Fructose and mannose metabolism,4/35,0.958878473211561,0.9999963739976568,0,0,0.4744179720263868,0.0199212540059635,PFKFB1;PFKFB4;PFKP;KHK
KEGG_2019_Mouse,Arachidonic acid metabolism,13/89,0.959517054734978,0.9999963739976568,0,0,0.6284377316530764,0.0259703080892183,CBR2;CYP2J6;CYP4A32;CYP2J9;GPX8;GPX7;PLA2G3;ALOX12;PTGS2;HPGDS;ALOX8;ALOX5;CBR3
KEGG_2019_Mouse,Tryptophan metabolism,6/48,0.960729302375439,0.9999963739976568,0,0,0.5251263852154407,0.0210379246256505,MAOB;ALDH2;MAOA;CYP1A1;AOX1;CYP1B1
KEGG_2019_Mouse,Natural killer cell mediated cytotoxicity,18/118,0.9631778462502724,0.9999963739976568,0,0,0.6610716803760281,0.0248015616515724,PRKCG;SHC4;VAV3;SHC2;CSF2;ITGB2;ICAM2;NFATC2;PIK3CD;PRKCA;PIK3R2;NFATC1;ICAM1;ZAP70;LCK;LCP2;FYN;PLCG1
KEGG_2019_Mouse,Cytosolic DNA-sensing pathway,8/61,0.9647798379340852,0.9999963739976568,0,0,0.5547214050299719,0.0198897306242377,CXCL10;IL6;RIPK3;CCL4;IRF7;RIPK1;IKBKE;POLR2L
KEGG_2019_Mouse,Primary immunodeficiency,4/36,0.9650985823870892,0.9999963739976568,0,0,0.4595631295385336,0.0163259916415012,ZAP70;CD4;LCK;IL2RG
KEGG_2019_Mouse,Cellular senescence,30/185,0.9679288846910092,0.9999963739976568,0,0,0.710331247671687,0.0231544266171079,H2-T24;H2-M9;CDKN1A;SERPINE1;H2-M3;ITPR1;PIK3CD;CALML3;CACNA1D;PIK3R2;CALML4;ETS1;ZFP36L1;CCND2;RRAS;RASSF5;AKT3;CAPN2;MAP2K6;IGFBP3;NFATC2;NFATC1;NFATC4;IL6;TRPV4;MAPKAPK2;MDM2;CALM2;SLC25A4;MCU
KEGG_2019_Mouse,N-Glycan biosynthesis,6/50,0.9706252652008026,0.9999963739976568,0,0,0.5011930886081343,0.0149429776385656,B4GALT2;MAN1A;MAN2A2;TUSC3;MAN2A1;MGAT3
KEGG_2019_Mouse,Pyruvate metabolism,4/38,0.9749969919869308,0.9999963739976568,0,0,0.4324748873548014,0.0109506504044044,ALDH2;ACOT12;ME3;PCK1
KEGG_2019_Mouse,Alcoholism,32/199,0.9753151308990924,0.9999963739976568,0,0,0.7030315694948231,0.0175720273345748,SHC4;HDAC4;SHC2;MAOB;MAOA;CALML3;CALML4;HDAC9;SLC6A3;GNAI1;GNAI2;GNG10;GNGT2;GNG2;GNG4;NPY;CREB3L2;GNG8;SLC18A2;NTRK2;BDNF;GRIN2C;GNG11;GNG13;GNAO1;GRIN3B;TH;ADORA2A;ADORA2B;PKIA;CAMK4;CALM2
KEGG_2019_Mouse,Pyrimidine metabolism,7/58,0.9770780863388095,0.9999963739976568,0,0,0.5043618947813537,0.0116954994578494,CDA;NT5C3B;ENTPD1;NT5E;ENPP1;UPP1;UCKL1
KEGG_2019_Mouse,Pentose phosphate pathway,3/32,0.9789181427855408,0.9999963739976568,0,0,0.380311717677461,0.0081033980013875,TKTL1;RGN;PFKP
KEGG_2019_Mouse,Hepatitis B,25/163,0.9795255342387418,0.9999963739976568,0,0,0.6648056033188678,0.0137528157597895,CDKN1A;DDX3X;PIK3CD;PIK3R2;ELK1;CASP12;CREB3L2;AKT3;IKBKE;MAP2K6;PRKCG;EGR2;EGR3;SLC10A1;STAT2;NFATC2;PRKCA;NFATC1;HSPG2;NFATC4;MAPK10;IL6;BCL2;IRF7;D1PAS1
KEGG_2019_Mouse,"Glycine, serine and threonine metabolism",4/40,0.982209792125271,0.9999963739976568,0,0,0.4083964498581505,0.0073308615999002,AOC3;MAOB;MAOA;CTH
KEGG_2019_Mouse,SNARE interactions in vesicular transport,3/33,0.9824843545811864,0.9999963739976568,0,0,0.3676112412177986,0.0064960065779708,STX1B;STX2;STX11
KEGG_2019_Mouse,Starch and sucrose metabolism,3/33,0.9824843545811864,0.9999963739976568,0,0,0.3676112412177986,0.0064960065779708,ENPP1;PYGM;GCK
KEGG_2019_Mouse,NOD-like receptor signaling pathway,32/205,0.9850446261282326,0.9999963739976568,0,0,0.6783872818740263,0.0102221655492632,RNF31;ITPR1;OAS1B;ANTXR2;ANTXR1;PANX1;CASP12;NLRP6;CCL2;RIPK1;GBP2;IKBKE;CAMP;GSDMD;GBP5;GBP2B;GBP7;IFI207;RIPK3;RIPK2;STAT2;TRPV2;CYBB;MAPK10;P2RX7;IL6;TRAF5;BCL2;IRF7;PLCB1;MCU;IRF9
KEGG_2019_Mouse,Human immunodeficiency virus 1 infection,38/238,0.9855280449273164,0.9999963739976568,0,0,0.6966068476977568,0.0101549223224753,H2-T24;H2-M9;H2-M3;ITPR1;PIK3CD;CALML3;PIK3R2;CALML4;GNAI1;GNAI2;GNG10;GNGT2;GNG2;GNG4;CFL2;AKT3;AP1S2;GNG8;RIPK1;PLCG1;ELOC;PAK3;MAP2K6;PRKCG;LIMK2;NFATC2;PRKCA;NFATC1;GNG11;NFATC4;GNG13;TNFRSF1A;GNAO1;MAPK10;CD4;TRAF5;BCL2;CALM2
KEGG_2019_Mouse,"Valine, leucine and isoleucine degradation",6/56,0.9881778746029876,0.9999963739976568,0,0,0.440881181157722,0.0052432069646769,ALDH2;AOX1;ABAT;OXCT2B;BCAT1;HMGCLL1
KEGG_2019_Mouse,Chemical carcinogenesis,12/94,0.9886803607412976,0.9999963739976568,0,0,0.5373180462618989,0.006116932875692,HPGDS;ADH1;GSTM2;GSTM1;EPHX1;CYP1A1;CYP1B1;GSTT1;PTGS2;UGT1A6A;UGT1A6B;GSTM5
KEGG_2019_Mouse,Chronic myeloid leukemia,9/76,0.9893467607618806,0.9999963739976568,0,0,0.4933353868555907,0.0052838150138561,SHC4;CDKN1A;SHC2;MECOM;AKT3;MDM2;PIK3CD;PIK3R2;RUNX1
KEGG_2019_Mouse,Endocytosis,43/269,0.9894784057657776,0.9999963739976568,0,0,0.6972352978095776,0.0073748931018379,H2-T24;SH3GL3;H2-M9;ZFYVE9;WIPF1;WIPF3;H2-M3;AGAP2;ASAP3;PARD6G;SNX32;ASAP1;PLD1;IL2RG;EGFR;IGF1R;GRK5;CAPZB;PSD2;KIF5C;GRK4;PIP5KL1;MVB12B;SH3GL2;IQSEC2;CAV3;IQSEC1;CAV1;VPS37D;ARAP3;IZUMO1R;HSPA2;RAB11B;EHD2;RAB31;RABEP1;PARD3;NEDD4;IL2RB;MDM2;FGFR4;FGFR3;FGFR2
KEGG_2019_Mouse,Cysteine and methionine metabolism,5/50,0.9894856094594784,0.9999963739976568,0,0,0.4082578360928876,0.0043153087165362,MAT2A;CTH;DNMT3A;SMS;BCAT1
KEGG_2019_Mouse,Protein export,2/28,0.9897516777221964,0.9999963739976568,0,0,0.2827837112547953,0.0029130109726434,IMMP2L;ARXES1
KEGG_2019_Mouse,Renin-angiotensin system,3/36,0.9900400120756708,0.9999963739976568,0,0,0.3341281669150521,0.0033445963649646,REN1;ENPEP;MME
KEGG_2019_Mouse,Antigen processing and presentation,11/90,0.99136847317668,0.9999963739976568,0,0,0.5112237078925328,0.0044317953623318,H2-T24;H2-M9;CD74;CD4;CTSL;NFYB;H2-M3;HSPA2;H2-AA;CTSS;H2-AB1
KEGG_2019_Mouse,Alzheimer disease,25/175,0.9935651135862644,0.9999963739976568,0,0,0.6111503452605147,0.0039453907823705,APP;LRP1;COX4I2;ITPR1;NDUFA4L2;ATP2A2;CALML3;CACNA1D;CALML4;CACNA1C;RYR3;APH1B;CASP12;CAPN2;APOE;APBB1;MME;COX6B2;GRIN2C;TNFRSF1A;BACE2;MAPT;PLCB1;CALM2;CDK5R1
KEGG_2019_Mouse,Lysosome,16/124,0.994529343682676,0.9999963739976568,0,0,0.5435578872271378,0.0029817819988514,CD63;PSAPL1;IDUA;SLC11A1;HEXB;HEXA;CTSS;LAPTM4B;LAPTM4A;NPC1;CTSL;HYAL1;CTSK;AP1S2;ATP6V0A4;CTSF
KEGG_2019_Mouse,Autophagy,17/130,0.9945471840508526,0.9999963739976568,0,0,0.5519287710426509,0.0030178012608228,PRKAA1;IRS4;ITPR1;PIK3CD;IRS2;PIK3R2;IGF1R;MAPK10;RRAS;RRAGB;CTSL;AKT3;RRAGD;BCL2;ULK2;PRKCQ;PRKACB
KEGG_2019_Mouse,RIG-I-like receptor signaling pathway,7/68,0.99486086245946,0.9999963739976568,0,0,0.4214106199995389,0.0021712711588416,MAPK10;CXCL10;DDX3X;IRF7;RIPK1;IKBKE;D1PAS1
KEGG_2019_Mouse,Hepatitis C,22/160,0.9949175838461448,0.9999963739976568,0,0,0.5846160664668841,0.002978838416793,CDKN1A;MX2;STAT2;PIK3CD;PIK3R2;OAS1B;IFIT1;EGFR;TNFRSF1A;CLDN22;CLDN5;SOCS3;CXCL10;CLDN15;PPP2R2C;PPP2R2B;CLDN24;AKT3;IRF7;RIPK1;IKBKE;IRF9
KEGG_2019_Mouse,Pancreatic cancer,8/75,0.9951378913962384,0.9999963739976568,0,0,0.4384175255026158,0.0021368325987109,MAPK10;CDKN1A;AKT3;PIK3CD;TGFA;PIK3R2;PLD1;EGFR
KEGG_2019_Mouse,Citrate cycle (TCA cycle),2/32,0.9955912056381968,0.9999963739976568,0,0,0.2450167798329821,0.0010826168725439,IDH1;PCK1
KEGG_2019_Mouse,Ubiquitin mediated proteolysis,18/138,0.995710029757148,0.9999963739976568,0,0,0.5501880141010576,0.0023653675220661,PIAS3;CUL7;UBE2H;FBXO2;UBE2D1;UBE2E2;UBE2QL1;WWP2;RHOBTB1;SOCS3;SOCS1;UBE2S;NEDD4;UBE2U;MDM2;NHLRC1;ELOC;TRIM32
KEGG_2019_Mouse,Measles,19/144,0.995740427498241,0.9999963739976568,0,0,0.5574762576398684,0.0023796823579489,MX2;STAT2;TRP73;MSN;PIK3CD;PIK3R2;OAS1B;HSPA2;IL2RG;MAPK10;IL6;CCND2;AKT3;IL2RB;BCL2;IRF7;TLR7;IKBKE;IRF9
KEGG_2019_Mouse,Influenza A,23/168,0.9959872180285192,0.9999963739976568,0,0,0.5815594320486815,0.0023383660248741,MX2;STAT2;PIK3CD;PRKCA;PIK3R2;OAS1B;HSPA2;NXT2;H2-AA;ICAM1;TNFRSF1A;MAPK10;SOCS3;CXCL10;IL6;AKT3;IRF7;CCL2;TLR7;IKBKE;IRF9;MAP2K6;H2-AB1
KEGG_2019_Mouse,Allograft rejection,6/63,0.9961614685328162,0.9999963739976568,0,0,0.386565194331035,0.0014866978597855,H2-T24;IL10;H2-M9;H2-M3;H2-AA;H2-AB1
KEGG_2019_Mouse,Porphyrin and chlorophyll metabolism,3/41,0.9962068018328082,0.9999963739976568,0,0,0.2900714902009121,0.0011023907626066,HMOX1;UGT1A6A;UGT1A6B
KEGG_2019_Mouse,Graft-versus-host disease,6/64,0.996746794585458,0.9999963739976568,0,0,0.3798760333917878,0.0012378293186831,H2-T24;H2-M9;IL6;H2-M3;H2-AA;H2-AB1
KEGG_2019_Mouse,Autoimmune thyroid disease,8/78,0.9969188125233988,0.9999963739976568,0,0,0.4195478144364428,0.0012947011059686,H2-T24;IL10;H2-M9;TG;H2-M3;H2-AA;TSHB;H2-AB1
KEGG_2019_Mouse,Fatty acid degradation,4/50,0.997016310355508,0.9999963739976568,0,0,0.3194109199792233,0.0009544476511977318,ADH1;ALDH2;CYP4A32;CPT1C
KEGG_2019_Mouse,alpha-Linolenic acid metabolism,1/25,0.997550706814286,0.9999963739976568,0,0,0.1531581616729088,0.0003755893939884562,PLA2G3
KEGG_2019_Mouse,Thermogenesis,33/231,0.9977295558397132,0.9999963739976568,0,0,0.6104166666666667,0.0013874926651962,KLB;PRKAA1;KDM3A;SMARCD3;NPR1;COX4I2;ADCY4;NDUFA4L2;UCP1;ADCY3;ADCY7;PRKAG3;RPS6KA3;CNR1;RPS6KA2;CREB3L2;DPF1;PRDM16;NPPA;PRKG2;PRKACB;PPARGC1A;PRKG1;FGF21;PRKAB2;CPT1C;COX6B2;SMARCA2;ADCY9;ADRB3;PPARG;PLIN1;FGFR1
KEGG_2019_Mouse,Lysine degradation,5/59,0.99774876650225,0.9999963739976568,0,0,0.3400196119268284,0.0007663264541669626,COLGALT2;HYKK;ALDH2;PLOD2;PLOD1
KEGG_2019_Mouse,Glycolysis / Gluconeogenesis,6/67,0.9980320343084258,0.9999963739976568,0,0,0.361124451086685,0.0007113807463961893,ADH1;ALDH2;PCK1;ENO3;GCK;PFKP
KEGG_2019_Mouse,Epstein-Barr virus infection,32/229,0.9984345696947342,0.9999963739976568,0,0,0.5948218801953854,0.0009318817859400744,H2-T24;H2-M9;CDKN1A;H2-M3;PIK3CD;PIK3R2;OAS1B;RBPJ;ICAM1;CCND2;BCL2L11;AKT3;RIPK1;IKBKE;MAP2K6;ENTPD1;STAT2;RUNX3;H2-AA;MAPK10;CXCL10;IL6;NEDD4;TRAF5;MDM2;BCL2;IRF7;VIM;MAP3K14;CD44;IRF9;H2-AB1
KEGG_2019_Mouse,Collecting duct acid secretion,1/27,0.9984855514371616,0.9999963739976568,0,0,0.1413587582829155,0.0002142428391853113,ATP6V0A4
KEGG_2019_Mouse,Type I diabetes mellitus,6/69,0.9985992114734044,0.9999963739976568,0,0,0.3496155434285268,0.0004900807719082374,H2-T24;H2-M9;PTPRN2;H2-M3;H2-AA;H2-AB1
KEGG_2019_Mouse,RNA polymerase,1/28,0.9988089864345576,0.9999963739976568,0,0,0.1361145789984741,0.0001622109269351578,POLR2L
KEGG_2019_Mouse,Salmonella infection,7/78,0.9989746586175848,0.9999963739976568,0,0,0.3618259014942915,0.0003711853984429861,DYNC2H1;MAPK10;IL6;CSF2;CCL4;FLNA;FLNC
KEGG_2019_Mouse,Linoleic acid metabolism,3/50,0.9993699543689684,0.9999963739976568,0,0,0.2343913498430415,0.00014772378717178245,CYP2J6;CYP2J9;PLA2G3
KEGG_2019_Mouse,Glyoxylate and dicarboxylate metabolism,1/31,0.9994201757562494,0.9999963739976568,0,0,0.1224797128589263,7.103730344937357e-05,HAO1
KEGG_2019_Mouse,Propanoate metabolism,1/31,0.9994201757562494,0.9999963739976568,0,0,0.1224797128589263,7.103730344937357e-05,ABAT
KEGG_2019_Mouse,Huntington disease,24/192,0.999482720141017,0.9999963739976568,0,0,0.5231146824462899,0.0002706667004209974,DNAH1;HIP1;DNAH2;BDNF;DNAH8;COX4I2;DNAH6;ITPR1;DNAH7A;UCP1;NDUFA4L2;COX6B2;DNAH7C;DNAH7B;DLG4;CREB3L2;TAF4B;PPARG;IFT57;PLCB1;PPARGC1A;SLC25A4;DNAL1;POLR2L
KEGG_2019_Mouse,Non-alcoholic fatty liver disease (NAFLD),17/151,0.9996127099502864,0.9999963739976568,0,0,0.4648064891706879,0.00018004979629641568,PRKAB2;PRKAA1;ADIPOQ;COX4I2;NDUFA4L2;PIK3CD;IRS2;PIK3R2;COX6B2;PRKAG3;TNFRSF1A;MAPK10;SOCS3;IL6;BCL2L11;LEP;AKT3
KEGG_2019_Mouse,Base excision repair,1/35,0.9997769461456916,0.9999963739976568,0,0,0.1080427957699933,2.4102050154299724e-05,APEX2
KEGG_2019_Mouse,Legionellosis,3/58,0.999876127177226,0.9999963739976568,0,0,0.2001958697040664,2.480036356515915e-05,IL6;ITGB2;HSPA2
KEGG_2019_Mouse,RNA degradation,6/83,0.9998795635712964,0.9999963739976568,0,0,0.2857934191423762,3.4422011622223295e-05,BTG2;PNLDC1;PABPC4L;NUDT16;ENO3;PFKP
KEGG_2019_Mouse,Viral carcinogenesis,28/229,0.9998832184464268,0.9999963739976568,0,0,0.5094996161712052,5.950363125224454e-05,H2-T24;HDAC4;H2-M9;GTF2A1;CDKN1A;SP100;DDX3X;SRF;H2-M3;PIK3CD;PIK3R2;RBPJ;HDAC9;CCND2;CREB3L2;PRKACB;GTF2A1L;EGR2;EGR3;GSN;ACTN1;MAPKAPK2;TRAF5;MDM2;IRF7;IL6ST;D1PAS1;IRF9
KEGG_2019_Mouse,Peroxisome,6/84,0.9998990628974764,0.9999963739976568,0,0,0.2821113735104829,2.8476941845301772e-05,ABCD2;PEX5L;IDH1;HAO1;CROT;HMGCLL1
KEGG_2019_Mouse,Protein processing in endoplasmic reticulum,17/163,0.9999227753675148,0.9999963739976568,0,0,0.4262749124523637,3.29201945931512e-05,PPP1R15A;TUSC3;FBXO2;UBE2D1;HSPA2;CKAP4;HERPUD1;MAPK10;DNAJA1;MAN1A;CASP12;BAG2;CAPN2;BCL2;UGGT2;CRYAB;NFE2L2
KEGG_2019_Mouse,Parkinson disease,14/144,0.9999325976557586,0.9999963739976568,0,0,0.3943829356837105,2.658323028997427e-05,LRRK2;COX4I2;NDUFA4L2;COX6B2;SNCAIP;SLC6A3;GNAI1;GNAI2;UCHL1;TH;ADORA2A;PRKACB;SLC25A4;SLC18A2
KEGG_2019_Mouse,Homologous recombination,1/41,0.9999451464152704,0.9999963739976568,0,0,0.0918012640449438,5.035766531756178e-06,RBBP8
KEGG_2019_Mouse,Steroid hormone biosynthesis,6/89,0.9999576096763444,0.9999963739976568,0,0,0.2650320052179658,1.123503061022864e-05,CYP2D22;CYP1A1;CYP1B1;CYP7B1;UGT1A6A;UGT1A6B
KEGG_2019_Mouse,Herpes simplex virus 1 infection,60/433,0.9999733363287978,0.9999963739976568,0,0,0.5862360152954376,1.5631412755069147e-05,ZFP964;H2-T24;ZFP248;GM14326;ITGB3;PIK3CD;ZFP30;GM2026;AKT3;IKBKE;ZFP37;ZFP286;ZFP853;ZFP811;ZFP92;ZFP939;ZFP619;ZFP94;ZFP90;TNFRSF1A;ZFP819;ZFP46;TRAF5;IRF7;ITGA5;SRSF7;IRF9;H2-M9;SP100;H2-M3;ZFP707;ZFP949;PIK3R2;OAS1B;CFP;SOCS3;ZFP14;ZFP57;ZFP52;ZIM1;CCL2;ZFP382;TNFRSF14;ZFP300;ZFP982;CD74;ZFP951;ZFP114;ZFP879;STAT2;POU2F2;H2-AA;IL6;ZFP354C;ZFP354B;BCL2;ZFP275;ZFP473;H2-AB1;NECTIN1
KEGG_2019_Mouse,Systemic lupus erythematosus,12/143,0.9999873402859708,0.9999963739976568,0,0,0.3352830841056197,4.244614831428139e-06,C4B;FCGR1;IL10;C1QB;C1RB;C1S2;C1RA;C1S1;ACTN1;H2-AA;H2-AB1;C1QC
KEGG_2019_Mouse,Cell cycle,9/123,0.9999901068899544,0.9999963739976568,0,0,0.2890725288831836,2.859840485789317e-06,CDKN1C;CDKN2D;CDKN1A;CCND2;TFDP2;MDM2;SFN;SMC1A;CDC14A
KEGG_2019_Mouse,Mitophagy,2/63,0.9999918593192954,0.9999963739976568,0,0,0.1202620801363369,9.79019180213527e-07,MAPK10;RRAS
KEGG_2019_Mouse,Olfactory transduction,19/1133,0.9999920786595776,0.9999963739976568,0,0,0.0585882206967104,4.6409907902592644e-07,CAMK2B;SLC24A4;GUCY2E;PDE1B;PDE1A;PDE2A;ADCY3;CALML3;CALML4;SLC8A1;SLC8A2;GNG13;RGS2;PRKG2;CNGA3;PRKACB;CALM2;CAMK2G;PRKG1
KEGG_2019_Mouse,Necroptosis,15/176,0.9999939190981548,0.9999963739976568,0,0,0.3405938109922425,2.0711238308363377e-06,RNF31;CAMK2B;RIPK3;STAT2;CYBB;PYGM;TNFRSF1A;MAPK10;TRAF5;CAPN2;BCL2;RIPK1;SLC25A4;CAMK2G;IRF9
KEGG_2019_Mouse,mRNA surveillance pathway,5/96,0.9999940607734804,0.9999963739976568,0,0,0.2012935518090157,1.195531551396678e-06,PPP2R2C;PPP2R2B;PABPC4L;MSI1;NXT2
KEGG_2019_Mouse,RNA transport,5/167,0.9999952372960472,0.9999963739976568,0,0,0.112558864706631,5.360858264558601e-07,NUP210L;FMR1;PABPC4L;GEMIN4;NXT2
KEGG_2019_Mouse,Oxidative phosphorylation,4/134,0.9999955536896088,0.9999963739976568,0,0,0.1124168873993188,4.998414858289045e-07,COX4I2;NDUFA4L2;ATP6V0A4;COX6B2
KEGG_2019_Mouse,Spliceosome,2/132,0.99999557501167,0.9999963739976568,0,0,0.0561821227239162,2.4860578744588457e-07,HSPA2;SRSF7
KEGG_2019_Mouse,Ribosome biogenesis in eukaryotes,2/115,0.9999957672261672,0.9999963739976568,0,0,0.064704748841228,2.738811473898967e-07,NOP58;NXT2
KEGG_2019_Mouse,Aminoacyl-tRNA biosynthesis,1/66,0.9999963739976568,0.9999963739976568,0,0,0.0564030538749639,2.045179763098169e-07,PSTK
