Name,Term,ES,NES,NOM p-val,FDR q-val,FWER p-val,Tag %,Gene %,Lead_genes
prerank,Ribosome,0.656066069142896,2.6848147718109363,0.0,0.0,0.0,94/138,23.41%,Rps26;Mrps12;Rplp1;Mrps18a;Mrpl11;Mrpl14;Mrpl33;Rplp0;Mrpl9;Mrps21;Mrpl19;Rpl19;Rpl10;Rps27l;Rpl26;Rpl27;Rpl23;Rps28;Mrpl34;Mrps18c;Rpl11;Rpl18a;Rpl13a;Mrpl10;Rpl14;Rpl35;Rps24;Rpl18;Rpl23a;Mrps14;Rpl6;Rps20;Rps23;Rpl37rt;Mrpl28;Rps19;Rps21;Mrpl15;Rpl36al;Rpl32;Mrps15;Rps11;Mrps2;Rpl22l1;Rps8;Rps17;Mrpl21;Rps5;Mrpl27;Rps14;Rpl15;Rpl41;Rps16;Rplp2;Mrpl35;Rpl7a;Mrpl32;Rpl27a;Rpsa;Rsl24d1;Rpl35a;Rpl12;Rpl8;Rpl36;Rpl31;Rps15;Rps3;Rpl4;Rpl24;Mrpl12;Rps9;Uba52;Mrps7;Mrpl22;Mrpl2;Rps29;Rpl34-ps1;Mrpl16;Mrps10;Rps7;Rps6;Mrps11;Rps27a;Mrps16;Rps18;Rpl5;Rps4x;Mrps17;Rps25;Rpl36a;Fau;Mrpl1;Rps10;Rpl3
prerank,Oxidative phosphorylation,0.6532546205275147,2.597347140441034,0.0,0.0,0.0,92/116,26.63%,Atp6v0e2;Atp6v1d;Atp6v1b1;Atp6v1h;Atp6v1b2;Atp6v1g1;Atp6v1c2;Atp6v0e;Atp6v1e1;Atp6v1f;Cox4i1;Tcirg1;Ndufs4;Cox17;Ndufv3;Cox6b1;Ndufa7;Ndufb7;Sdha;Ndufa10;Ndufa2;Ndufc2;Ndufs2;Ndufv2;ND6;Ndufa3;Uqcrfs1;Ppa2;Cox5a;Atp6v0b;Ndufb4b;ND5;Uqcrc2;Ndufb5;Ndufb9;Cox15;Ndufb6;Ndufb8;Cox6a1;Cox7c;Cox8a;Cox7b;Uqcr10;Ndufa6;Ndufa9;Ndufa13;Ndufb10;Cyc1;Ndufs5;Atp6v0a1;CYTB;Cox5b;COX1;Ndufa4;Atp6ap1;Ndufs7;Ndufb3;Ndufs6;Ndufb11;Sdhd;Ndufc1;COX2;Lhpp;ATP8;Ndufab1;Atp6v1a;ATP6;Atp6v0a2;Ppa1;ND4L;Atp6v0d1;Uqcrb;Ndufb4c;COX3;ND4;ND3;Ndufa1;Ndufv1;Ndufs3;Uqcrq;Ndufb4;Atp6v1c1;Uqcrh;Ndufb2;Cox7a2;ND1;Atp6v0c;Ndufs8;Ndufa8;Ndufa5;Ndufa12;Cox7a2l
prerank,Proteasome,0.694942067624914,2.380154251197204,0.0,0.0,0.0,33/44,21.93%,Psmb8;Psmb1;Psmd8;Psmb9;Psmd3;Pomp;Psmc5;Psme3;Psmd4;Psmc2;Psme4;Psmc1;Psmc3;Psma7;Psmb5;Psmb7;Psmb10;Psma6;Psmc4;Psmb2;Psmb4;Psmd12;Psmb3;Psme1;Psma2;Psmb6;Psmd14;Psmf1;Psma5;Psmd6;Psmd13;Psmd11;Psmd2
prerank,Focal adhesion,-0.6096237768366285,-2.3316804032717156,0.0,0.0,0.0,98/196,17.45%,Mylk;Myl9;Reln;Itga1;Col4a2;Itga9;Lama1;Ccnd2;Hgf;Col4a1;Col6a1;Lamb1;Col6a2;Kdr;Pdgfrb;Lamc1;Pgf;Lamc2;Flna;Vav3;Itgb7;Fn1;Col6a4;Lama3;Actn1;Col4a5;Fyn;Flt1;Parva;Ppp1r12c;Itga3;Ppp1r12a;Col9a3;Itgb1;Tln1;Lamc3;Col2a1;Ilk;Lamb3;Vegfc;Col4a6;Col9a2;Shc2;Akt2;Pdgfc;Cav1;Ctnnb1;Prkcg;Egfr;Itga5;Vtn;Col4a3;Raf1;Hras;Lamb2;Rock1;Shc4;Itga7;Ppp1r12b;Itga6;Flnc;Pdgfa;Col4a4;Parvb;Tnn;Thbs1;Itga11;Sos2;Itgb3;Igf1r;Akt3;Pik3r2;Zyx;Elk1;Vcl;Itgav;Prkca;Crkl;Mapk8;Tnxb;Dock1;Arhgap5;Itga2b;Sos1;Rapgef1;Pik3ca;Pxn;Capn2;Lama4;Bcar1;Pik3cd;Col1a1;Col6a6;Col1a2;Pik3r1;Lama2;Cav3;Rap1a
prerank,Collecting duct acid secretion,0.7825720781093908,2.3133302530099797,0.0,0.0,0.0,11/26,5.72%,Atp6v0e2;Car2;Atp6v1d;Atp6v1b1;Atp6v1b2;Atp6v1g1;Atp6v1c2;Atp6v0e;Atp6v1e1;Atp6v1f;Tcirg1
prerank,ECM-receptor interaction,-0.6628546769030806,-2.290355832930157,0.0,0.0,0.0,49/82,16.32%,Reln;Itga1;Col4a2;Itga9;Lama1;Col4a1;Col6a1;Lamb1;Col6a2;Hspg2;Lamc1;Dag1;Agrn;Lamc2;Itgb7;Fn1;Col6a4;Lama3;Col4a5;Itga3;Col9a3;Itgb1;Lamc3;Col2a1;Lamb3;Col4a6;Col9a2;Gp1ba;Itga5;Vtn;Col4a3;Lamb2;Itga7;Itga6;Col4a4;Tnn;Thbs1;Itga11;Itgb3;Cd44;Sdc1;Itgav;Tnxb;Itga2b;Sv2a;Lama4;Col1a1;Col6a6;Col1a2
prerank,Dilated cardiomyopathy (DCM),-0.6518637058487998,-2.2476958755319476,0.0,0.0,0.0,39/86,18.95%,Cacna2d1;Tpm2;Cacna1c;Itga1;Itga9;Cacna1d;Cacnb4;Slc8a1;Sgcb;Tpm1;Dag1;Itgb7;Adcy9;Adcy3;Itga3;Des;Itgb1;Cacnb1;Adcy4;Atp2a2;Prkacb;Itga5;Emd;Itga7;Itga6;Cacng7;Itga11;Ryr2;Sgca;Itgb3;Itgav;Itga2b;Adcy7;Tpm4;Lama2;Mybpc3;Dmd;Actc1;Itgb8
prerank,Arrhythmogenic right ventricular cardiomyopathy (ARVC),-0.6710200340459853,-2.2121090758106368,0.0,0.0,0.0,33/69,14.43%,Cacna2d1;Cacna1c;Itga1;Itga9;Cacna1d;Gja1;Cacnb4;Slc8a1;Sgcb;Dag1;Itgb7;Cdh2;Itga3;Des;Itgb1;Cacnb1;Atp2a2;Ctnnb1;Dsp;Itga5;Tcf7l1;Emd;Tcf7;Itga7;Itga6;Cacng7;Itga11;Ryr2;Sgca;Itgb3;Itgav;Ctnna1;Itga2b
prerank,Oxytocin signaling pathway,-0.5901396116383868,-2.1696339055175637,0.0,0.0,0.0,62/147,15.51%,Cacna2d1;Mylk;Myl9;Cacna1c;Cacna1d;Cacnb4;Calm2;Camk1d;Camk4;Npr1;Mef2c;Ryr3;Cdkn1a;Gucy1b1;Kcnj2;Oxtr;Adcy9;Nfatc1;Adcy3;Ppp1r12c;Gucy1a1;Ppp1r12a;Rcan1;Nfatc4;Camk2g;Cacnb1;Npr2;Ppp3cb;Myl6;Adcy4;Ptgs2;Prkacb;Prkcg;Egfr;Gnai2;Camk2d;Nos3;Raf1;Hras;Camk1g;Rgs2;Rock1;Ppp1r12b;Cacng7;Cd38;Map2k5;Ryr2;Camk1;Elk1;Gnaq;Plcb1;Kcnj12;Prkca;Prkag2;Gucy1a2;Gnai1;Kcnj14;Itpr1;Adcy7;Kcnj4;Calm1;Camk2b
prerank,Axon guidance,-0.5663382937715143,-2.1330396042581525,0.0,0.0,0.0,88/175,19.39%,Slit3;Myl9;Sema6a;Bmp7;Sema6d;Ntng2;Plxna4;Epha4;Ephb2;Ephb1;Dpysl2;Sema3c;Lrrc4;Sema5a;Plxna1;Slit2;Efnb3;Pard6g;Efnb2;Fyn;Ablim3;Sema3d;Bmpr2;Ntn4;Sema3g;Nfatc4;Plcg1;Robo1;Itgb1;Fzd3;Camk2g;Ilk;Cfl1;Ryk;Trpc1;Ppp3cb;Unc5b;Plxna2;Boc;Cxcl12;Ablim2;Rgma;Gnai2;Camk2d;Pard3;Raf1;Hras;Rock1;Rasa1;Sema6c;Ephb6;Robo2;Efna2;Epha7;Rnd1;Sema3b;Trpc3;Rras;Sema3f;Pik3r2;Arhgef12;Efnb1;Ssh1;Ephb4;Sema4a;Ablim1;Prkca;Gnai1;Lrrc4c;Pik3ca;Ptpn11;Camk2b;Sema5b;Limk2;Pik3cd;Ntng1;Abl1;Ntn3;Efna3;Pik3r1;Srgap2;Nfatc2;Smo;Cfl2;Ephb3;Pak3;Epha1;Efna5
prerank,Protein digestion and absorption,-0.628084401550739,-2.103524094569241,0.0,0.0,0.0,32/83,9.94%,Col14a1;Col7a1;Col18a1;Col17a1;Eln;Col4a2;Col5a1;Col5a2;Col4a1;Col6a1;Slc8a1;Atp1b3;Col6a2;Col15a1;Col12a1;Col27a1;Atp1b2;Col6a4;Col4a5;Slc1a5;Col9a3;Col2a1;Atp1a1;Slc38a2;Col4a6;Col9a2;Mme;Atp1a2;Col4a3;Col5a3;Col11a1;Col4a4
prerank,Peroxisome,0.5455629825710013,2.080048320000276,0.0,0.00025408269631688673,0.001,57/84,28.04%,Acsl5;Ephx2;Pex11g;Acaa1b;Slc25a17;Xdh;Pex16;Pex2;Mpv17l2;Far1;Mlycd;Pex10;Acaa1a;Abcd3;Acsl1;Pxmp2;Acox1;Idh2;Eci3;Pex1;Pex13;Abcd1;Ehhadh;Sod1;Gnpat;Pxmp4;Crat;Dhrs4;Pex7;Far2;Hmgcl;Pex11a;Acot8;Slc27a2;Paox;Prdx5;Prdx1;Pex14;Scp2;Pex26;Ddo;Pmvk;Pex12;Abcd4;Nudt7;Pipox;Mpv17l;Pex3;Acox2;Nudt12;Pex5;Decr2;Eci2;Acsl4;Acsl3;Hsd17b4;Sod2
prerank,Vascular smooth muscle contraction,-0.5712443358645631,-2.0681729311015413,0.0,0.0,0.0,47/132,15.21%,Acta2;Myh11;Mylk;Actg2;Myl9;Cacna1c;Kcnmb1;Cacna1d;Calm2;Npr1;Cald1;Ppp1r14a;Gucy1b1;Arhgef11;Kcnma1;Adcy9;Prkcq;Prkg1;Adcy3;Ppp1r12c;Gucy1a1;Adora2b;Ppp1r12a;Adora2a;Avpr1a;Npr2;Myl6;Adcy4;Calcrl;Nppc;Prkacb;Ramp2;Prkcg;Raf1;Rock1;Adm;Ppp1r12b;Ednra;Arhgef12;Gnaq;Plcb1;Prkca;Gucy1a2;Ptgir;Itpr1;Adcy7;Calm1
prerank,Hypertrophic cardiomyopathy (HCM),-0.5969102427167954,-2.0479638941344214,0.0,0.00019397255798758576,0.002,38/82,19.12%,Cacna2d1;Tpm2;Cacna1c;Itga1;Itga9;Cacna1d;Cacnb4;Slc8a1;Sgcb;Tpm1;Dag1;Il6;Itgb7;Itga3;Des;Itgb1;Cacnb1;Atp2a2;Itga5;Emd;Itga7;Itga6;Cacng7;Itga11;Ryr2;Sgca;Itgb3;Itgav;Prkag2;Itga2b;Tpm4;Lama2;Mybpc3;Dmd;Actc1;Prkaa1;Itgb8;Prkag3
prerank,Glyoxylate and dicarboxylate metabolism,0.6714668060337702,2.024016824391474,0.0,0.00042347116052814457,0.002,20/30,20.41%,Amt;Acss1;Shmt1;Grhpr;Hoga1;Gldc;Pgp;Pccb;Acat1;Acss2;Aco1;Dld;Mdh1;Afmid;Csl;Pcca;Glul;Aco2;Gcsh;Cs
prerank,alpha-Linolenic acid metabolism,0.682040865731394,2.0041814425390254,0.0,0.0007259505609053905,0.004,14/23,23.64%,Acaa1b;Pla2g4e;Plb1;Acaa1a;Acox1;Pla2g6;Pla2g12a;Fads2;Pla2g4d;Pla2g4c;Pla2g4a;Pla2g4f;Pla2g5;Pla2g2d
prerank,cGMP-PKG signaling pathway,-0.5355878023008825,-1.9915350638719753,0.0,0.00017457530218882719,0.002,57/164,15.49%,Mylk;Myl9;Cacna1c;Kcnmb1;Cacna1d;Slc8a1;Calm2;Atp1b3;Npr1;Mef2c;Mef2a;Atp1b2;Slc25a4;Gucy1b1;Prkg2;Kcnma1;Adcy9;Nfatc1;Pde3a;Prkg1;Adcy3;Gucy1a1;Ppp1r12a;Ednrb;Nfatc4;Atp1a1;Npr2;Atp2b4;Ppp3cb;Pde2a;Adcy4;Atp2a2;Nppc;Akt2;Kcnj8;Gnai2;Atp1a2;Irs2;Nos3;Raf1;Atf4;Rgs2;Rock1;Bdkrb2;Adora1;Creb3l2;Ednra;Akt3;Gnaq;Plcb1;Gtf2i;Gucy1a2;Gnai1;Itpr1;Adcy7;Calm1;Slc8a2
prerank,Wnt signaling pathway,-0.5304482394498992,-1.9602192547395638,0.0,0.0006348192806866443,0.008,57/154,18.17%,Wif1;Nkd1;Wnt11;Wnt10a;Bambi;Ccnd2;Wnt6;Fzd7;Prickle2;Daam2;Fzd2;Serpinf1;Nkd2;Nfatc1;Fzd1;Lgr5;Nfatc4;Prickle3;Fzd8;Fzd3;Camk2g;Ryk;Fzd9;Ppp3cb;Dvl2;Prkacb;Ctbp2;Gpc4;Sox17;Ctnnb1;Wnt9a;Prkcg;Camk2d;Ccn4;Tcf7l1;Apc2;Tcf7;Znrf3;Rnf43;Ror2;Axin2;Plcb1;Prkca;Mapk8;Lgr6;Porcn;Vangl2;Lrp5;Camk2b;Invs;Crebbp;Vangl1;Cul1;Nfatc2;Peg12;Btrc;Ror1
prerank,Gap junction,-0.5695451796350328,-1.934218030803976,0.0,0.0007273970924534467,0.01,33/80,15.32%,Gja1;Pdgfrb;Gucy1b1;Tubb6;Prkg2;Adcy9;Prkg1;Adcy3;Gucy1a1;Adcy4;Prkacb;Pdgfc;Tuba1a;Tuba1c;Prkcg;Egfr;Gnai2;Tuba1b;Raf1;Hras;Pdgfa;Map2k5;Tubb3;Sos2;Gnaq;Plcb1;Prkca;Gucy1a2;Gnai1;Itpr1;Adcy7;Sos1;Htr2a
prerank,TGF-beta signaling pathway,-0.5403296451857905,-1.874116440296981,0.0,0.0018128973688839747,0.027,39/86,20.82%,Fmod;Bmp7;Id4;Bambi;Fst;Smad1;Smad6;Nbl1;Bmpr2;Tgif2;Rgmb;Rgma;Zfyve9;Acvr1;Nog;Rock1;Ppp2r1b;Smad9;Thbs1;Smad7;Gdf6;Bmp6;Bmp4;Ppp2cb;Id3;Tgfbr1;Id1;Crebbp;Cul1;Id2;Acvr2a;Smad5;Dcn;Amhr2;Chrd;Ep300;Smurf2;Bmpr1a;Myc
prerank,Rap1 signaling pathway,-0.48995785346252085,-1.8697338492332543,0.0,0.0018081013440985675,0.028,104/197,23.84%,Hgf;Calm2;Map2k6;Kdr;Pdgfrb;Pgf;Magi1;Apbb1ip;Tiam1;Adcy9;Pard6g;Flt1;Fgfr3;Adcy3;Adora2b;Plcg1;Itgb1;Tek;Tln1;Magi2;Adora2a;Vegfc;Rasgrp2;Fgfr4;Ngfr;Prkd1;Adcy4;Akt2;Pdgfc;Ctnnb1;Prkcg;Egfr;Gnai2;Fgf2;Arap3;Pard3;Raf1;Hras;Kitl;Fgf1;Fgf21;Pdgfa;Angpt2;Sipa1;Thbs1;Efna2;Lpar5;Cnr1;Krit1;Rras;Itgb3;Fgfr1;Csf1;Igf1r;Akt3;Pik3r2;Lpar4;Gnaq;Plcb1;Lpar3;P2ry1;Prkca;Crkl;Gnai1;Prkd2;Itga2b;Adcy7;Rapgef1;Calm1;Pik3ca;Ngf;Id1;Bcar1;Pik3cd;Rap1gap;Rapgef4;Efna3;Gnao1;Pik3r1;Itgb2;Rap1a;Pfn1;Calml3;Rasgrp3;Fgfr2;F2r;Fgf18;Efna5;Ralgds;Mapk14;Rapgef6;Epha2;Rassf5;Fgf9;Flt4;Dock4;Rapgef3;Braf;Pdgfb;Sipa1l1;Pik3r3;Vegfd;Calm3;Fgf17
prerank,Hedgehog signaling pathway,-0.6133138527622694,-1.8597983664072497,0.0,0.0025022459980398562,0.042,28/44,24.11%,Gas1;Ccnd2;Gpr161;Kif7;Prkacb;Gli3;Boc;Evc;Sufu;Evc2;Gli2;Gli1;Cul3;Cul1;Btrc;Smo;Dhh;Ptch2;Hhip;Smurf2;Bcl2;Spopl;Arrb2;Kif3a;Csnk1g2;Lrp2;Csnk1d;Ptch1
prerank,Lysosome,0.4623784910553523,1.8557356152571585,0.0,0.006669670778318276,0.04,62/120,23.79%,Ctsh;Manba;Ap1g2;Dnase2a;Ap1m2;Sort1;Lipa;Ctse;Atp6v1h;Entpd4;Cln5;Ap1s1;Man2b1;Ap1b1;Clta;Naglu;Neu1;Glb1;Ap3s2;Tcirg1;Gm2a;Slc17a5;Ap3d1;Gga3;Fuca1;Napsa;Cltc;Cln3;Galns;Ctsd;Slc11a2;Ap1s3;Atp6v0b;Npc2;Abcb9;Naga;Gns;Igf2r;Ctns;Ap1g1;Ctsa;Cd164;Ap3m1;Ap4m1;Psap;Atp6v0a1;Atp6ap1;Ctsb;Gusb;Gga2;Ap3s1;Mfsd8;Atp6v0a2;Atp6v0d1;Gnptg;Litaf;Mcoln1;Ap3b1;Abca2;Pla2g15;Galc;Ppt2
prerank,Other glycan degradation,0.7032740122822331,1.8467998556642025,0.0024390243902439024,0.006352067407922168,0.042,7/16,6.56%,Manba;Man2b1;Neu2;Fuca2;Neu1;Glb1;Fuca1
prerank,Basal cell carcinoma,-0.5589754688222031,-1.8454533618912288,0.0,0.003055067788304476,0.053,23/63,14.19%,Wnt11;Wnt10a;Wnt6;Fzd7;Fzd2;Cdkn1a;Fzd1;Fzd8;Fzd3;Fzd9;Dvl2;Kif7;Gli3;Ctnnb1;Wnt9a;Tcf7l1;Apc2;Tcf7;Axin2;Sufu;Bmp4;Gli2;Gli1
prerank,Adrenergic signaling in cardiomyocytes,-0.5019247595461462,-1.8446018428117958,0.0,0.0029780492726329344,0.055,50/143,16.40%,Cacna2d1;Tpm2;Scn7a;Cacna1c;Cacna1d;Cacnb4;Slc8a1;Calm2;Atp1b3;Scn5a;Tpm1;Atp1b2;Scn1b;Adcy9;Adcy3;Ppp2r2b;Camk2g;Cacnb1;Atp1a1;Atp2b4;Adcy4;Atp2a2;Akt2;Prkacb;Scn4b;Gnai2;Camk2d;Ppp2r2a;Atp1a2;Atf4;Ppp2r5e;Slc9a1;Myl4;Ppp2r1b;Cacng7;Ryr2;Creb3l2;Ppp2r2c;Akt3;Gnaq;Plcb1;Ppp2cb;Prkca;Gnai1;Adcy7;Calm1;Camk2b;Rapgef4;Tpm4;Adra1d
prerank,Aminoacyl-tRNA biosynthesis,0.610622951029089,1.8349400843512575,0.0,0.006860232800555941,0.05,21/25,29.92%,Sars2;Sepsecs;Ears2;Gatb;Nars2;Fars2;Rars2;Vars2;Gatc;Tars2;Qrsl1;Wars2;Hars2;Lars2;Iars2;Dars2;Yars2;Pars2;Mars2;Farsa;Farsb
prerank,Aldosterone synthesis and secretion,-0.5231881627313294,-1.80524581981046,0.0,0.004800820810192748,0.085,37/96,15.51%,Cacna1c;Cacna1d;Calm2;Camk1d;Atp1b3;Camk4;Cacna1g;Npr1;Atp1b2;Nr4a2;Adcy9;Adcy3;Camk2g;Atp1a1;Atp2b4;Pde2a;Prkd1;Adcy4;Prkacb;Atf1;Prkcg;Camk2d;Atp1a2;Atf4;Camk1g;Creb3l2;Nr4a1;Cacna1h;Camk1;Gnaq;Plcb1;Prkca;Prkd2;Itpr1;Adcy7;Calm1;Camk2b
prerank,PI3K-Akt signaling pathway,-0.4460349509645506,-1.7918332774093522,0.0,0.005237259065664816,0.098,142/327,21.47%,Reln;Itga1;Col4a2;Itga9;Crtc2;Lama1;Ccnd2;Hgf;Col4a1;Col6a1;Lamb1;Col6a2;Ntf5;Kdr;Pdgfrb;Lamc1;Cdkn1a;Il6;Pgf;Lamc2;Itgb7;Ereg;Fn1;Col6a4;Magi1;Hsp90aa1;Lama3;Tgfa;Col4a5;Flt1;Fgfr3;Itga3;Ppp2r2b;Gng2;Col9a3;Gng11;Itgb1;Tek;Lamc3;Col2a1;Magi2;Lamb3;Vegfc;Col4a6;Col9a2;Fgfr4;Il7;Ngfr;Ntf3;Akt2;Bdnf;Pdgfc;Egfr;Ppp2r2a;Fgf2;Mdm2;Itga5;Nos3;Vtn;Col4a3;Raf1;Atf4;Ppp2r5e;Hras;Lamb2;Kitl;Fgf1;Itga7;Itga6;Ppp2r1b;Fgf21;Pdgfa;Angpt2;Col4a4;Rbl2;Tnn;Thbs1;Efna2;Itga11;Lpar5;Creb3l2;Sos2;Osmr;Il2rg;Nr4a1;Ppp2r2c;Itgb3;Bcl2l11;Fgfr1;Csf1;Igf1r;Akt3;Pik3r2;Lpar4;Lpar3;Itgav;Ppp2cb;Gngt2;Prkca;Ntrk2;Gng10;Tnxb;Itga2b;Sos1;Sgk3;Pik3ca;Ngf;Sgk1;Mtcp1;Lama4;Pik3cd;Col1a1;Col6a6;Col1a2;Efna3;Gng8;Pik3r1;Lama2;Ywhaq;Ifnar2;Flt3l;Epor;Fgfr2;Prkaa1;Itgb8;F2r;Thbs3;Fgf18;Efna5;Gng13;Chrm1;Bcl2;Epha2;Eif4e;Itga8;Myc;Fgf9;Jak1;Pik3r5;Flt4;Pck1;Cdkn1b
prerank,Ascorbate and aldarate metabolism,-0.7102088261382411,-1.7893728198715109,0.0016025641025641025,0.0051936152401176085,0.102,5/17,9.67%,Ugt1a6b;Ugt1a6a;Aldh2;Ugdh;Aldh7a1
prerank,Cushing syndrome,-0.48273321313471945,-1.7886134665902278,0.0,0.004987865776823634,0.103,44/154,14.74%,Cacna1c;Cacna1d;Wnt11;Wnt10a;Cacna1g;Wnt6;Fzd7;Kcnk2;Fzd2;Cdkn1a;Adcy9;Adcy3;Fzd1;Fzd8;Fzd3;Camk2g;Fzd9;Aip;Dvl2;Adcy4;Prkacb;Kmt2a;Ctnnb1;Wnt9a;Egfr;Gnai2;Camk2d;Tcf7l1;Apc2;Tcf7;Atf4;Creb3l2;Pbx1;Nr4a1;Cacna1h;Axin2;Ahr;Gnaq;Nceh1;Plcb1;Usp8;Gnai1;Itpr1;Adcy7
prerank,Circadian entrainment,-0.5149151656597988,-1.771291063989956,0.0,0.005872078346351461,0.128,37/92,16.57%,Cacna1c;Cacna1d;Calm2;Cacna1g;Ryr3;Gucy1b1;Prkg2;Adcy9;Prkg1;Adcy3;Gucy1a1;Gng2;Gria3;Gng11;Camk2g;Adcy4;Prkacb;Prkcg;Gnai2;Camk2d;Ryr2;Cacna1h;Gnaq;Plcb1;Gngt2;Prkca;Gucy1a2;Gng10;Gnai1;Itpr1;Adcy7;Calm1;Adcyap1r1;Camk2b;Gria4;Gnao1;Gng8
prerank,Synaptic vesicle cycle,0.4798415015846143,1.7573455341780906,0.0,0.015360453913702698,0.118,22/72,12.42%,Slc1a1;Atp6v0e2;Atp6v1d;Unc13b;Atp6v1b1;Atp6v1h;Atp6v1b2;Atp6v1g1;Atp6v1c2;Atp6v0e;Clta;Atp6v1e1;Atp6v1f;Tcirg1;Stx3;Slc18a1;Napa;Cltc;Ap2b1;Dnm2;Atp6v0b;Ap2s1
prerank,DNA replication,0.545010636777192,1.755876548336107,0.0,0.014080416087560808,0.118,20/35,24.92%,Rnaseh2c;Rnaseh2b;Pold3;Rnaseh2a;Rfc4;Pole3;Lig1;Prim1;Rfc5;Mcm6;Mcm5;Mcm2;Dna2;Fen1;Pole;Ssbp1;Prim2;Rfc2;Mcm3;Mcm7
prerank,Proteoglycans in cancer,-0.4634939019995992,-1.754869204846454,0.0,0.007438425919350028,0.167,83/200,18.17%,Wnt11;Wnt10a;Hgf;Gpc1;Wnt6;Hspg2;Fzd7;Timp3;Kdr;Mmp2;Fzd2;Cdkn1a;Flna;Fn1;Tiam1;Ppp1r12c;Fzd1;Ppp1r12a;Msn;Gpc3;Plcg1;Itgb1;Fzd8;Ank2;Fzd3;Camk2g;Fzd9;Akt2;Prkacb;Ctsl;Cav1;Ctnnb1;Wnt9a;Prkcg;Egfr;Camk2d;Fgf2;Mdm2;Itga5;Vtn;Sdc2;Raf1;Hras;Slc9a1;Rock1;Ppp1r12b;Flnc;Ddx5;Thbs1;Fas;Sos2;Twist1;Plau;Rras;Itgb3;Cd44;Fgfr1;Igf1r;Akt3;Pik3r2;Sdc1;Elk1;Arhgef12;Itgav;Hcls1;Prkca;Hspb2;Itpr1;Sos1;Pik3ca;Ptpn11;Pxn;Stat3;Camk2b;Pik3cd;Col1a1;Col1a2;Twist2;Pik3r1;Cav3;Smo;Ank3;Dcn
prerank,Renin secretion,-0.5305861237988275,-1.7547483802495034,0.001455604075691412,0.007128491506043776,0.167,29/72,18.09%,Cacna1c;Cacna1d;Calm2;Npr1;Gucy1b1;Prkg2;Kcnj2;Aqp1;Kcnma1;Pde3a;Gucy1a1;Ppp3cb;Prkacb;Gnai2;Adora1;Ednra;Clca3b;Gnaq;Plcb1;Gucy1a2;Clca3a1;Gnai1;Itpr1;Pde1b;Calm1;Adcyap1r1;Edn2;Pde1a;Calml3
prerank,cAMP signaling pathway,-0.45755993426493485,-1.74978007326126,0.0,0.00712267232930415,0.171,68/197,16.81%,Myl9;Cacna1c;Cacna1d;Calm2;Atp1b3;Camk4;Npr1;Htr1d;Atp1b2;Pld1;Vav3;Tiam1;Oxtr;Adcy9;Nfatc1;Pde3a;Adcy3;Gabbr1;Ppp1r12a;Gria3;Hcn4;Camk2g;Pde4d;Atp1a1;Adora2a;Atp2b4;Adcy4;Atp2a2;Npy;Akt2;Bdnf;Prkacb;Gli3;Gnai2;Camk2d;Atp1a2;Arap3;Raf1;Slc9a1;Rock1;Abcc4;Npy1r;Adora1;Ryr2;Creb3l2;Fxyd1;Rras;Sstr1;Ednra;Akt3;Pik3r2;Pde10a;Mapk8;Gnai1;Gli1;Pde4b;Pde4a;Adcy7;Calm1;Pik3ca;Adcyap1r1;Camk2b;Gria4;Pik3cd;Rapgef4;Crebbp;Edn2;Pik3r1
prerank,Melanogenesis,-0.5033600251001848,-1.7447044530378055,0.0,0.007150872955042344,0.178,38/98,16.56%,Wnt11;Wnt10a;Calm2;Wnt6;Fzd7;Fzd2;Adcy9;Adcy3;Fzd1;Ednrb;Fzd8;Fzd3;Camk2g;Fzd9;Dvl2;Adcy4;Prkacb;Ctnnb1;Wnt9a;Prkcg;Gnai2;Camk2d;Tcf7l1;Raf1;Tcf7;Hras;Kitl;Creb3l2;Gnaq;Plcb1;Prkca;Gnai1;Mitf;Adcy7;Calm1;Camk2b;Crebbp;Gnao1
prerank,Glycosaminoglycan biosynthesis,-0.5363487641877012,-1.7348550650768366,0.0015625,0.007694244800174234,0.199,27/53,23.42%,Chst11;Chst15;St3gal2;B4galt2;Hs6st2;Chst3;Chsy1;Dse;Chst2;Glce;Ust;Extl2;Hs3st3a1;Hs3st1;Chst12;Chst14;Csgalnact2;B3gnt2;Chst7;Chpf;Ext1;Chsy3;Extl3;Xylt2;B4galt4;Chpf2;Hs3st3b1
prerank,MAPK signaling pathway,-0.4369546635765515,-1.7298271137676942,0.0,0.007980585242917814,0.209,115/283,21.81%,Cacna2d1;Cacna1c;Cacna1d;Cacnb4;Hgf;Hspa2;Map2k6;Cacna1g;Mapt;Mef2c;Ntf5;Kdr;Pdgfrb;Tnfrsf1a;Dusp1;Pgf;Flna;Ereg;Nfatc1;Tgfa;Flt1;Fgfr3;Dusp9;Map4k2;Tek;Cacnb1;Map3k20;Vegfc;Rasgrp2;Ppp3cb;Fgfr4;Ngfr;Myd88;Rps6ka2;Cacna1a;Ntf3;Akt2;Bdnf;Prkacb;Pdgfc;Map3k12;Map3k4;Prkcg;Egfr;Map3k14;Fgf2;Nf1;Dusp2;Raf1;Atf4;Hras;Kitl;Rps6ka3;Rasgrf2;Fgf1;Rasa1;Flnc;Cacng7;Fgf21;Pdgfa;Angpt2;Efna2;Map2k5;Ppm1b;Fas;Sos2;Map3k3;Nr4a1;Cacna1h;Rras;Fgfr1;Csf1;Igf1r;Mecom;Dusp7;Akt3;Mapkapk2;Elk1;Mapk8ip1;Map4k3;Prkca;Ntrk2;Crkl;Mapk8;Ptprr;Hspb1;Taok2;Sos1;Ngf;Tgfbr1;Ddit3;Taok3;Efna3;Dusp6;Rap1a;Flt3l;Il1rap;Rasgrp3;Fgfr2;Stk3;Fgf18;Efna5;Srf;Mapk14;Epha2;Arrb2;Cacnb2;Myc;Fgf9;Hspa1l;Flt4;Elk4;Map3k2;Hspa1a;Tgfb1
prerank,Hippo signaling pathway,-0.462702724144457,-1.7193096973080306,0.0,0.008788963489506472,0.237,60/158,17.83%,Snai2;Dchs1;Bmp7;Nkd1;Wnt11;Wnt10a;Ccnd2;Yap1;Wnt6;Fzd7;Rassf2;Fzd2;Trp73;Pard6g;Smad1;Fzd1;Ppp2r2b;Bmpr2;Fzd8;Fzd3;Fat4;Tead1;Fzd9;Dvl2;Dlg2;Ctnnb1;Wnt9a;Ppp2r2a;Pard3;Wtip;Tcf7l1;Tead3;Apc2;Tcf7;Fgf1;Ppp2r1b;Lats2;Ppp2r2c;Smad7;Gdf6;Bmp6;Ccn2;Patj;Axin2;Bmp4;Ajuba;Dlg4;Ppp2cb;Frmd6;Gli2;Wwtr1;Ctnna1;Tgfbr1;Id1;Nf2;Id2;Ywhaq;Itgb2;Trp53bp2;Btrc
prerank,Amoebiasis,-0.49002042168237875,-1.7042934145492077,0.0,0.010416326363933356,0.275,40/96,17.38%,Col4a2;Serpinb6b;Lama1;Col4a1;Lamb1;Lamc1;Il6;Lamc2;Fn1;Lama3;Actn1;Col4a5;Serpinb10;Lamc3;Lamb3;Col4a6;Prkacb;Serpinb6a;Prkcg;Serpinb9;Col4a3;Lamb2;Col4a4;Pik3r2;Gnaq;Vcl;Plcb1;Prkca;Hspb1;Il1r2;Pik3ca;Col3a1;Lama4;Pik3cd;Col1a1;Col1a2;Pik3r1;Lama2;Itgb2;Muc2
prerank,Calcium signaling pathway,-0.4441345555684296,-1.6858276472970601,0.0,0.012558158834873698,0.323,60/177,16.66%,Mylk;Cacna1c;Cacna1d;Slc8a1;Calm2;Camk1d;Camk4;Cacna1g;Pdgfrb;Ryr3;Slc25a4;Oxtr;Adcy9;Adcy3;Adora2b;Ednrb;Plcg1;Camk2g;Plcd4;Adora2a;Avpr1a;Atp2b4;Ppp3cb;Stim1;Adcy4;Atp2a2;Cacna1a;Prkacb;Sphk1;Prkcg;Egfr;Camk2d;Nos3;Camk1g;Bdkrb2;Cd38;Mcu;Ryr2;Cacna1h;Camk1;Hrh1;P2rx1;Ednra;Tbxa2r;Gnaq;Plcb1;Prkca;P2rx7;Itpr1;Chrm3;Adcy7;Pde1b;Calm1;Htr2a;Slc8a2;Camk2b;Orai2;Orai3;Adra1d;Itpkb
prerank,Regulation of lipolysis in adipocytes,-0.5316131895156291,-1.6846521191345927,0.00303951367781155,0.012302103326118917,0.328,25/52,20.76%,Npr1;Prkg2;Adcy9;Prkg1;Adcy3;Fabp4;Adcy4;Ptgs2;Npy;Akt2;Prkacb;Gnai2;Irs2;Npy1r;Adora1;Akt3;Pik3r2;Gnai1;Adcy7;Pik3ca;Pik3cd;Pik3r1;Aqp7;Irs4;Adrb3
prerank,Cardiac muscle contraction,-0.5091646577651591,-1.6845160513394362,0.0,0.011929312316236524,0.328,18/72,10.81%,Cacna2d1;Tpm2;Cacna1c;Cacna1d;Cacnb4;Slc8a1;Atp1b3;Tpm1;Atp1b2;Cacnb1;Atp1a1;Atp2a2;Atp1a2;Slc9a1;Myl4;Cacng7;Ryr2;Slc9a6
prerank,Estrogen signaling pathway,-0.46452651786906707,-1.6830659238761356,0.0,0.011886524251974558,0.335,64/129,27.20%,Krt17;Calm2;Krt15;Hspa2;Krt42;Ncoa1;Mmp2;Krt14;Hsp90aa1;Adcy9;Tgfa;Adcy3;Gabbr1;Krt23;Shc2;Adcy4;Akt2;Prkacb;Egfr;Gnai2;Nos3;Raf1;Atf4;Hras;Shc4;Krt32;Creb3l2;Sos2;Krt16;Akt3;Pik3r2;Gnaq;Plcb1;Krt20;Gnai1;Itpr1;Adcy7;Sos1;Calm1;Pik3ca;Pik3cd;Gnao1;Pik3r1;Calml3;Krt28;Prkcd;Bcl2;Ncoa2;Rara;Hspa1l;Hspa1a;Fos;Pik3r3;Hspa1b;Calm3;Krt9;Atf2;Krt31;Plcb4;Krt33a;Src;Hsp90ab1;Calml4;Hspa8
prerank,Primary immunodeficiency,0.5215263021626743,1.6797247302600842,0.0025252525252525255,0.02882861362056984,0.241,8/33,10.93%,Jak3;Tap2;Ikbkg;Cd3e;Orai1;Blnk;Dclre1c;Ada
prerank,Cholinergic synapse,-0.4715805554953315,-1.671262164414142,0.00141643059490085,0.013542055584076167,0.372,42/105,16.81%,Cacna1c;Cacna1d;Kcnq5;Camk4;Kcnj2;Adcy9;Fyn;Adcy3;Gng2;Gng11;Camk2g;Adcy4;Cacna1a;Akt2;Prkacb;Prkcg;Gnai2;Camk2d;Atf4;Hras;Creb3l2;Akt3;Pik3r2;Gnaq;Plcb1;Chrm4;Kcnj12;Gngt2;Prkca;Gng10;Gnai1;Kcnj14;Itpr1;Chrm3;Adcy7;Kcnj4;Pik3ca;Camk2b;Pik3cd;Gnao1;Gng8;Pik3r1
prerank,Parkinson disease,0.4072603287534274,1.6652146215278905,0.0035971223021582736,0.03112513029881862,0.271,82/127,27.51%,Casp9;Cox4i1;Slc18a1;Ndufs4;Ndufv3;Cox6b1;Ndufa7;Ndufb7;Sdha;Ndufa10;Ndufa2;Ndufc2;Vdac3;Ndufs2;Ndufv2;ND6;Ndufa3;Uqcrfs1;Cox5a;Ndufb4b;ND5;Uqcrc2;Ndufb5;Ndufb9;Ndufb6;Ndufb8;Ube2j2;Cox6a1;Gnai3;Cox7c;Cox8a;Cox7b;Uqcr10;Ndufa6;Uba7;Ndufa9;Ndufa13;Ndufb10;Cyc1;Ndufs5;CYTB;Cox5b;COX1;Ndufa4;Ndufs7;Ndufb3;Ndufs6;Ndufb11;Sdhd;Ndufc1;COX2;ATP8;Vdac2;Ndufab1;Casp3;ATP6;ND4L;Uqcrb;Park7;Ndufb4c;COX3;Cycs;ND4;ND3;Ndufa1;Ndufv1;Ndufs3;Vdac1;Uqcrq;Ndufb4;Uqcrh;Ndufb2;Cox7a2;ND1;Ndufs8;Ndufa8;Ndufa5;Ndufa12;Cox7a2l;Gnal;ND2;Ppif
prerank,Malaria,-0.5462689512712625,-1.6629847131034186,0.004901960784313725,0.014281229581836002,0.39,15/45,12.33%,Lrp1;Hgf;Ccl2;Vcam1;Gypc;Il6;Icam1;Pecam1;Selp;Sele;Ackr1;Myd88;Sdc2;Thbs1;Sdc1
prerank,Gastric cancer,-0.4520574510954207,-1.658298036136119,0.0,0.01455580560141978,0.405,59/148,24.23%,Wnt11;Wnt10a;Hgf;Abcb1b;Wnt6;Fzd7;Fzd2;Cdkn1a;Abcb1a;Fzd1;Fzd8;Fzd3;Fzd9;Shc2;Dvl2;Akt2;Ctnnb1;Wnt9a;Egfr;Fgf2;Tcf7l1;Apc2;Raf1;Tcf7;Hras;Fgf1;Shc4;Fgf21;Sos2;Axin2;Akt3;Pik3r2;Rarb;Ctnna1;Sos1;Lrp5;Pik3ca;Tgfbr1;Pik3cd;Pik3r1;Peg12;Muc2;Fgfr2;Ctnna3;Fgf18;Fzd10;Bcl2;Myc;Fgf9;Cdkn1b;Tgfb1;Braf;Polk;Tert;Cdh17;Pik3r3;Fgf17;Lrp6;Wnt10b
prerank,Glycosylphosphatidylinositol (GPI)-anchor biosynthesis,0.5528744618524555,1.6581720334750898,0.0078125,0.031082783182765816,0.284,12/25,17.49%,Pigo;Pigl;Pigc;Pigm;Pigs;Pigyl;Gpld1;Pigt;Pigb;Pigq;Pigg;Gpaa1
prerank,Regulation of actin cytoskeleton,-0.4322201898558596,-1.6553235598626006,0.0013297872340425532,0.014861871120548842,0.416,79/207,21.09%,Mylk;Myl9;Itga1;Myh10;Itga9;Pdgfrb;Vav3;Itgb7;Fn1;Tiam1;Actn1;Fgfr3;Ppp1r12c;Itga3;Ppp1r12a;Msn;Itgb1;Cfl1;Pip4k2a;Fgfr4;Pdgfc;Cxcl12;Arhgef4;Egfr;Fgf2;Itga5;Apc2;Raf1;Hras;Fgf1;Slc9a1;Rock1;Diaph2;Itga7;Ppp1r12b;Bdkrb2;Itga6;Fgf21;Pdgfa;Itga11;Lpar5;Sos2;Abi2;Rras;Itgb3;Gsn;Fgfr1;Pik3r2;Lpar4;Arhgef12;Vcl;Itgav;Ssh1;Chrm4;Crkl;Dock1;Itga2b;Chrm3;Sos1;Pik3ca;Pxn;Bcar1;Limk2;Pik3cd;Pik3r1;Itgb2;Pfn1;Cfl2;Fgfr2;Myh9;Itgb8;F2r;Pak3;Fgf18;Actn4;Chrm1;Itga8;Fgf9;Arhgef7
prerank,Cortisol synthesis and secretion,-0.5066281823040149,-1.6449105679806042,0.0014684287812041115,0.01624893197296007,0.449,18/64,14.74%,Cacna1c;Cacna1d;Cacna1g;Kcnk2;Adcy9;Adcy3;Adcy4;Prkacb;Atf4;Creb3l2;Pbx1;Nr4a1;Cacna1h;Gnaq;Nceh1;Plcb1;Itpr1;Adcy7
prerank,Citrate cycle (TCA cycle),0.5251478137935995,1.6447317483469592,0.01038961038961039,0.03326895304899235,0.31,17/30,20.41%,Pcx;Suclg2;Suclg1;Sdha;Idh2;Idh3b;Pdha1;Acly;Aco1;Dld;Mdh1;Dlat;Pdhb;Csl;Sdhd;Aco2;Cs
prerank,Renal cell carcinoma,-0.495988933649487,-1.6345206607749514,0.0075075075075075074,0.017959434212675596,0.502,32/67,24.96%,Epas1;Eloc;Hgf;Cdkn1a;Tgfa;Akt2;Raf1;Hras;Sos2;Ets1;Akt3;Pik3r2;Arnt2;Crkl;Sos1;Rapgef1;Pik3ca;Ptpn11;Pik3cd;Crebbp;Pik3r1;Rap1a;Pak3;Ep300;Egln3;Tgfb1;Braf;Hif1a;Pdgfb;Pik3r3;Rbx1;Crk
prerank,Human papillomavirus infection,-0.4025351277121498,-1.6307079447820905,0.0,0.018074930677843205,0.513,109/334,16.81%,Reln;Itga1;Col4a2;Itga9;Wnt11;Wnt10a;Lama1;Ccnd2;Col4a1;Col6a1;Irf9;Lamb1;Col6a2;Wnt6;Fzd7;Pdgfrb;Fzd2;Tnfrsf1a;Lamc1;Cdkn1a;Lamc2;Jag1;Itgb7;Fn1;Col6a4;Magi1;Lama3;Pard6g;Col4a5;Rbpj;Fzd1;Itga3;Ppp2r2b;Col9a3;Itgb1;Fzd8;Fzd3;Notch4;Lamc3;Col2a1;Lamb3;Fzd9;Col4a6;Mx2;Col9a2;Dvl2;Irf1;Ptgs2;Akt2;Prkacb;Dlg2;Ctnnb1;Wnt9a;Egfr;Ppp2r2a;Mdm2;Pard3;Itga5;Vtn;Mfng;Tcf7l1;Col4a3;H2-M9;Apc2;Raf1;Tcf7;Ppp2r5e;Hras;Lamb2;Itga7;Itga6;Ppp2r1b;Col4a4;Rbl2;Tnn;Thbs1;Itga11;Fas;Creb3l2;Sos2;Ikbke;Ppp2r2c;Stat2;Maml1;Itgb3;Patj;Axin2;Akt3;Pik3r2;Itgav;Ppp2cb;Isg15;Tnxb;Itga2b;Maml3;Maml2;Sos1;Chd4;Pik3ca;Pxn;Lama4;Pik3cd;Col1a1;Col6a6;Col1a2;Crebbp;Tada3;H2-T24;Pik3r1
prerank,Fluid shear stress and atherosclerosis,-0.444633690676845,-1.628457331967971,0.0013477088948787063,0.01812257898912587,0.521,57/139,20.79%,Gpc1;Ccl2;Calm2;Plat;Map2k6;Mef2c;Mef2a;Vcam1;Kdr;Mmp2;Tnfrsf1a;Dusp1;Trpv4;Cdh5;Hsp90aa1;Icam1;Nfe2l2;Pecam1;Bmpr2;Sele;Gstm5;Nppc;Akt2;Ctsl;Cav1;Ctnnb1;Nos3;Sdc2;Acvr1;Gstm1;Pdgfa;Map2k5;Itgb3;Akt3;Pik3r2;Sdc1;Ncf1;Bmp4;Itgav;Mapk8;Itga2b;Il1r2;Calm1;Pik3ca;Pik3cd;Pik3r1;Cav3;Acvr2a;Nqo1;Calml3;Prkaa1;Gstt1;Mapk14;Gstm2;Bcl2;Bmpr1a;Hmox1
prerank,Glioma,-0.4842420022846163,-1.6254906009507648,0.0029717682020802376,0.01822890946111242,0.534,31/74,16.81%,Calm2;Camk1d;Camk4;Pdgfrb;Cdkn1a;Tgfa;Plcg1;Camk2g;Shc2;Akt2;Prkcg;Egfr;Camk2d;Mdm2;Raf1;Hras;Camk1g;Shc4;Pdgfa;Sos2;Camk1;Igf1r;Akt3;Pik3r2;Prkca;Sos1;Calm1;Pik3ca;Camk2b;Pik3cd;Pik3r1
prerank,Amphetamine addiction,-0.503275158811992,-1.6176447455279392,0.0,0.01936198806094265,0.551,23/63,18.09%,Cacna1c;Cacna1d;Arc;Calm2;Camk4;Gria3;Camk2g;Ppp3cb;Maob;Prkacb;Prkcg;Camk2d;Atf4;Slc6a3;Creb3l2;Prkca;Sirt1;Calm1;Camk2b;Gria4;Maoa;Th;Calml3
prerank,Fatty acid degradation,0.48205015830730097,1.6070780218711964,0.0,0.04364243960266524,0.41,17/45,16.11%,Acsl5;Eci1;Cpt2;Acaa1b;Adh5;Acaa1a;Acads;Acsl1;Acox1;Eci3;Acsbg1;Ehhadh;Gcdh;Acadm;Acaa2;Hadh;Acat1
prerank,Small cell lung cancer,-0.45900074285162623,-1.6009125808794538,0.0028653295128939827,0.022946953609931396,0.616,33/91,17.08%,Col4a2;Traf5;Lama1;Col4a1;Lamb1;Lamc1;Cdkn1a;Lamc2;Fn1;Lama3;Col4a5;Itga3;Itgb1;Lamc3;Lamb3;Col4a6;Ptgs2;Akt2;Col4a3;Lamb2;Itga6;Col4a4;Akt3;Pik3r2;Apaf1;Itgav;Rarb;Itga2b;Pik3ca;Lama4;Pik3cd;Pik3r1;Lama2
prerank,Cell adhesion molecules (CAMs),-0.4301436067094012,-1.5947112368057725,0.0,0.023985128474638868,0.64,37/153,9.50%,Cdh3;Itga9;Sdc3;Nectin3;Ptprm;Vcan;Ntng2;Vcam1;Lrrc4;Esam;Cdh5;Cntn2;Icosl;Itgb7;Nlgn2;Cdh2;Icam1;Cadm1;Pecam1;Itgb1;Selp;Cd34;Nrcam;Sele;Nrxn1;Mpz;Nlgn3;Nectin1;Vsir;Cldn5;Jam2;H2-M9;Sdc2;Jam3;Ncam1;Icam2;Itga6
prerank,RIG-I-like receptor signaling pathway,0.45015768839350484,1.5915479120883818,0.008379888268156424,0.047569927032661566,0.459,18/55,11.47%,Mapk13;Ifih1;Nfkbia;Traf6;Tnf;Tbk1;Ikbkg;Tank;Rnf125;Azi2;Mapk11;Fadd;Map3k1;Nlrx1;Casp8;Ifne;Irf3;Mapk12
prerank,Legionellosis,0.44434184873620675,1.591117834422528,0.0,0.04519997439742511,0.46,23/57,15.27%,Cd14;Tlr4;Nfkbia;Tnf;Tlr5;Pycard;Casp9;Rab1b;Naip2;Arf1;C3;Sar1b;Casp8;Cxcl2;Eef1g;Cxcl3;Naip5;Casp7;Rab1a;Bcl2l13;Eef1a1;Hbs1l;Naip6
prerank,Breast cancer,-0.4296286253970614,-1.586595613505728,0.0013831258644536654,0.02544342170198864,0.679,37/145,12.21%,Jag2;Dll1;Wnt11;Wnt10a;Wnt6;Fzd7;Ncoa1;Fzd2;Cdkn1a;Jag1;Fzd1;Fzd8;Fzd3;Notch4;Fzd9;Shc2;Dvl2;Akt2;Ctnnb1;Wnt9a;Egfr;Fgf2;Tcf7l1;Apc2;Raf1;Tcf7;Hras;Fgf1;Dll4;Shc4;Fgf21;Sos2;Fgfr1;Igf1r;Axin2;Akt3;Pik3r2
prerank,Protein export,0.5385608368570043,1.5821286224772093,0.01937046004842615,0.045798406011118835,0.481,17/26,21.63%,Spcs2;Oxa1l;Srp72;Srp14;Sec61b;Spcs3;Sec11c;Srp54c;Sec11a;Srp54a;Srp68;Srp19;Srp9;Sec61a1;Srp54b;Srprb;Sec63
prerank,Relaxin signaling pathway,-0.437619043757459,-1.5746223410316533,0.0,0.027986603132146355,0.723,46/125,16.81%,Acta2;Col4a2;Col4a1;Mmp2;Adcy9;Col4a5;Adcy3;Ednrb;Gng2;Gng11;Vegfc;Col4a6;Shc2;Adcy4;Akt2;Prkacb;Egfr;Gnai2;Nos3;Col4a3;Raf1;Atf4;Hras;Shc4;Col4a4;Creb3l2;Sos2;Akt3;Pik3r2;Plcb1;Gngt2;Prkca;Gng10;Mapk8;Gnai1;Adcy7;Sos1;Pik3ca;Col3a1;Tgfbr1;Pik3cd;Col1a1;Col1a2;Gnao1;Gng8;Pik3r1
prerank,N-Glycan biosynthesis,0.4578749162199703,1.5725836321245548,0.014326647564469915,0.047065794698699495,0.51,26/49,20.95%,Man1c1;Glt28d2;Mgat4a;Man1b1;Alg8;B4galt3;Mogs;Alg6;B4galt1;Alg9;Alg5;Dpagt1;Ganab;Stt3a;Alg14;Dolpp1;Srd5a3;Alg10b;Alg1;Rpn2;Rpn1;Dpm3;Dad1;Alg11;Alg3;Alg12
prerank,Apelin signaling pathway,-0.42708831042867407,-1.5715722855221637,0.0,0.028074558800978738,0.737,44/134,15.77%,Acta2;Mylk;Slc8a1;Calm2;Camk4;Plat;Mef2c;Mef2a;Ryr3;Jag1;Hdac4;Adcy9;Adcy3;Gng2;Gng11;Ucp1;Adcy4;Akt2;Prkacb;Sphk1;Gnai2;Nos3;Raf1;Hras;Aplnr;Slc9a1;Myl4;Ryr2;Egr1;Rras;Ccn2;Akt3;Gnaq;Plcb1;Gngt2;Prkag2;Gng10;Gnai1;Itpr1;Adcy7;Calm1;Slc8a2;Ppargc1a;Tgfbr1
prerank,MicroRNAs in cancer,-0.4058795963805375,-1.5653894095175078,0.0,0.02946831100947403,0.754,55/205,16.49%,Trp63;Ccnd2;Abcb1b;Vim;Socs1;Timp3;Pdgfrb;Tpm1;Cdkn1a;Abcb1a;Dnmt3a;Fgfr3;Zeb2;Reck;Bmpr2;Plcg1;Fzd3;Notch4;Gls;Marcks;Ptgs2;Zeb1;Prkcg;Egfr;Mdm2;Irs2;Itga5;Apc2;Raf1;Hras;Rock1;Shc4;Pdgfa;Tnn;Thbs1;Sos2;Plau;Cyp1b1;Itgb3;Cd44;Bcl2l11;Serpinb5;Ube2i;Prkca;Crkl;Tnxb;Sirt1;Slc7a1;Sos1;Stat3;Abcc1;Zfpm2;Abl1;Crebbp;Mir145a
prerank,Long-term potentiation,-0.4832612819586907,-1.5651131952013786,0.00881057268722467,0.028941846666794783,0.754,32/61,27.97%,Cacna1c;Calm2;Camk4;Camk2g;Ppp3cb;Rps6ka2;Prkacb;Prkcg;Camk2d;Raf1;Atf4;Hras;Rps6ka3;Gnaq;Plcb1;Prkca;Itpr1;Calm1;Camk2b;Crebbp;Rap1a;Calml3;Ep300;Rapgef3;Braf;Grin2d;Calm3;Rps6ka6;Plcb4;Ppp3ca;Calml4;Grin2c
prerank,GnRH signaling pathway,-0.4591969698541433,-1.56276865996952,0.007215007215007215,0.02910707442263715,0.763,32/86,15.51%,Cacna1c;Cacna1d;Calm2;Map2k6;Mmp2;Pld1;Adcy9;Adcy3;Camk2g;Adcy4;Prkacb;Map3k4;Egfr;Camk2d;Raf1;Atf4;Hras;Sos2;Map3k3;Egr1;Elk1;Gnaq;Lhb;Plcb1;Prkca;Mapk8;Itpr1;Adcy7;Sos1;Calm1;Mmp14;Camk2b
prerank,Type II diabetes mellitus,-0.5077235229618864,-1.5600639929675229,0.0093603744149766,0.029134312223776916,0.767,24/45,27.43%,Cacna1c;Slc2a4;Cacna1d;Cacna1g;Socs1;Socs3;Mafa;Cacna1a;Irs2;Pik3r2;Mapk8;Pik3ca;Pik3cd;Pik3r1;Irs4;Prkcd;Prkce;Socs2;Gck;Pik3r3;Cacna1b;Mapk10;Slc2a2;Mtor
prerank,Gastric acid secretion,-0.4722514510896167,-1.5599418738995396,0.013574660633484163,0.0286756098224981,0.768,26/70,15.51%,Mylk;Calm2;Atp1b3;Kcnk2;Atp1b2;Kcnj2;Adcy9;Adcy3;Camk2g;Atp1a1;Adcy4;Prkacb;Prkcg;Gnai2;Camk2d;Atp1a2;Slc9a1;Gnaq;Plcb1;Prkca;Gnai1;Itpr1;Chrm3;Adcy7;Calm1;Camk2b
prerank,"Parathyroid hormone synthesis, secretion and action",-0.4413854356655201,-1.5494540641572192,0.002728512960436562,0.03131246101986873,0.799,35/102,15.34%,Mef2c;Mef2a;Mmp17;Cdkn1a;Pld1;Arhgef11;Nr4a2;Adcy9;Adcy3;Mafb;Pde4d;Adcy4;Prkacb;Prkcg;Egfr;Gnai2;Pth1r;Raf1;Atf4;Creb3l2;Egr1;Runx2;Fgfr1;Gnaq;Plcb1;Pthlh;Prkca;Gnai1;Pde4b;Pde4a;Itpr1;Akap13;Adcy7;Lrp5;Mmp14
prerank,Ras signaling pathway,-0.39584467849298877,-1.5322848459969622,0.00125,0.036551703895785694,0.843,87/218,21.45%,Rgl1;Hgf;Calm2;Rasa3;Ntf5;Kdr;Pdgfrb;Pld1;Pgf;Tiam1;Tgfa;Flt1;Fgfr3;Gng2;Plcg1;Gng11;Tek;Ksr1;Vegfc;Rasgrp2;Shc2;Fgfr4;Ngfr;Abl2;Ntf3;Akt2;Bdnf;Prkacb;Pdgfc;Rasa4;Prkcg;Egfr;Fgf2;Nf1;Raf1;Hras;Kitl;Rasgrf2;Fgf1;Shc4;Rasa1;Fgf21;Pdgfa;Angpt2;Efna2;Sos2;Rras;Ets1;Fgfr1;Csf1;Igf1r;Akt3;Pik3r2;Elk1;Gngt2;Prkca;Ntrk2;Gng10;Mapk8;Foxo4;Sos1;Calm1;Pik3ca;Ngf;Ptpn11;Pik3cd;Abl1;Efna3;Gng8;Pik3r1;Rap1a;Flt3l;Calml3;Rasgrp3;Fgfr2;Pak3;Fgf18;Pla1a;Efna5;Syngap1;Ralgds;Gng13;Epha2;Rassf5;Fgf9;Flt4;Rasal2
prerank,Insulin secretion,-0.44847077152352205,-1.5278717440081122,0.015602836879432624,0.03759494446259393,0.853,26/81,16.16%,Cacna1c;Kcnmb1;Cacna1d;Atp1b3;Atp1b2;Kcnma1;Adcy9;Adcy3;Camk2g;Atp1a1;Adcy4;Prkacb;Prkcg;Camk2d;Atp1a2;Atf4;Ryr2;Creb3l2;Gnaq;Plcb1;Prkca;Chrm3;Adcy7;Adcyap1r1;Camk2b;Rapgef4
prerank,Salivary secretion,-0.46022489121242893,-1.5266246232739347,0.008583690987124463,0.037307946045353674,0.854,29/74,15.21%,Calm2;Atp1b3;Ryr3;Atp1b2;Gucy1b1;Prkg2;Kcnma1;Adcy9;Prkg1;Adcy3;Trpv6;Gucy1a1;Atp1a1;Atp2b4;Adcy4;Prkacb;Bst1;Prkcg;Atp1a2;Slc9a1;Cd38;Gnaq;Plcb1;Prkca;Gucy1a2;Itpr1;Chrm3;Adcy7;Calm1
prerank,Signaling pathways regulating pluripotency of stem cells,-0.4150580656953511,-1.5149021767719801,0.004143646408839779,0.04098081246297045,0.884,51/136,20.92%,Id4;Wnt11;Wnt10a;Wnt6;Fzd7;Lifr;Fzd2;Fgfr3;Dusp9;Smad1;Fzd1;Bmpr2;Fzd8;Fzd3;Fzd9;Dvl2;Fgfr4;Akt2;Ctnnb1;Wnt9a;Fgf2;Apc2;Raf1;Il6st;Hras;Acvr1;Smad9;Fgfr1;Igf1r;Axin2;Akt3;Pik3r2;Bmp4;Id3;Pik3ca;Stat3;Id1;Pcgf5;Pik3cd;Pik3r1;Id2;Acvr2a;Pcgf6;Smad5;Fgfr2;Fzd10;Mapk14;Klf4;Bmpr1a;Myc;Jak1
prerank,Hepatocellular carcinoma,-0.4034496315217277,-1.512911271379041,0.006747638326585695,0.041010648072525316,0.888,67/171,24.23%,Smarca2;Wnt11;Wnt10a;Hgf;Wnt6;Txnrd1;Fzd7;Fzd2;Cdkn1a;Phf10;Tgfa;Nfe2l2;Fzd1;Plcg1;Fzd8;Fzd3;Gstm5;Dpf1;Fzd9;Smarcd3;Shc2;Dvl2;Txnrd3;Akt2;Ctnnb1;Wnt9a;Prkcg;Egfr;Tcf7l1;Apc2;Raf1;Tcf7;Hras;Gstm1;Shc4;Sos2;Igf1r;Axin2;Akt3;Pik3r2;Elk1;Prkca;Arid1a;Sos1;Lrp5;Pik3ca;Tgfbr1;Pik3cd;Pik3r1;Peg12;Nqo1;Smarcb1;Gstt1;Pbrm1;Fzd10;Gstm2;Hmox1;Myc;Smarce1;Tgfb1;Braf;Polk;Tert;Pik3r3;Smarca4;Lrp6;Wnt10b
prerank,AGE-RAGE signaling pathway in diabetic complications,-0.4314189233289601,-1.5032097733405818,0.015427769985974754,0.0444594642541546,0.91,44/100,21.81%,Col4a2;Col4a1;Ccl2;Vcam1;Mmp2;Il6;Fn1;Icam1;Nfatc1;Col4a5;Plcg1;Sele;Plcd4;Vegfc;Col4a6;Akt2;Nos3;Col4a3;Nox4;Hras;Col4a4;Egr1;Akt3;Pik3r2;Plcb1;Prkca;Mapk8;Pik3ca;Col3a1;Stat3;Tgfbr1;Pik3cd;Col1a1;Col1a2;Pik3r1;Plcd1;Mapk14;Prkcd;Bcl2;Serpine1;Cybb;Prkce;Cdkn1b;Tgfb1
prerank,Non-alcoholic fatty liver disease (NAFLD),0.36128952591222285,1.5016619243551335,0.0,0.08459798866005434,0.733,84/147,26.63%,Prkab1;Tnf;Eif2ak3;Cox4i1;Bid;Ndufs4;Prkaa2;Pik3cb;Adipor1;Ndufv3;Cox6b1;Ndufa7;Casp8;Ndufb7;Sdha;Ndufa10;Ndufa2;Ndufc2;Adipor2;Prkag1;Xbp1;Ndufs2;Ndufv2;Ndufa3;Uqcrfs1;Cox5a;Casp7;Mlx;Ndufb4b;Uqcrc2;Ndufb5;Ndufb9;Ndufb6;Mlxipl;Ndufb8;Cox6a1;Cox7c;Cox8a;Cox7b;Uqcr10;Ndufa6;Ndufa9;Ikbkb;Ndufa13;Ndufb10;Cyc1;Ndufs5;CYTB;Cox5b;COX1;Ndufa4;Ndufs7;Srebf1;Ndufb3;Ndufs6;Ndufb11;Sdhd;Ndufc1;COX2;Ndufab1;Casp3;Bax;Uqcrb;Ndufb4c;COX3;Cycs;Ndufa1;Itch;Ndufv1;Ndufs3;Traf2;Uqcrq;Ndufb4;Uqcrh;Rac1;Ndufb2;Mapk9;Cox7a2;Il6ra;Ndufs8;Ndufa8;Ndufa5;Ndufa12;Cox7a2l
prerank,Adherens junction,-0.44777912629194844,-1.4982891807359118,0.018018018018018018,0.045516286449716,0.917,26/71,20.53%,Snai2;Nectin3;Ptprm;Sorbs1;Ptprb;Actn1;Fyn;Wasf3;Nectin1;Fer;Ctnnb1;Egfr;Pard3;Tcf7l1;Tcf7;Fgfr1;Igf1r;Vcl;Ctnna1;Tgfbr1;Crebbp;Ctnna3;Yes1;Actn4;Ep300;Lmo7
prerank,JAK-STAT signaling pathway,-0.40286895771075426,-1.4971334744276965,0.0039946737683089215,0.045237171559247676,0.921,60/145,23.43%,Ccnd2;Irf9;Socs1;Socs3;Lifr;Pdgfrb;Cdkn1a;Il6;Lep;Csf2rb2;Il7;Csf2rb;Akt2;Socs7;Il11ra1;Egfr;Raf1;Il6st;Hras;Pdgfa;Il19;Aox1;Il20ra;Il20rb;Sos2;Cntfr;Osmr;Il2rg;Stat2;Pias3;Il12rb2;Akt3;Pik3r2;Fhl1;Crlf2;Sos1;Pik3ca;Socs5;Ptpn11;Stat3;Pik3cd;Crebbp;Pik3r1;Il17d;Il11;Ifnar2;Epor;Ep300;Bcl2;Csf2;Myc;Il10;Jak1;Il27ra;Il24;Socs2;Stam2;Pdgfb;Pik3r3;Gfap
prerank,Fanconi anemia pathway,0.4298426450479303,1.4932936235142558,0.01680672268907563,0.08578052769133154,0.752,24/51,26.69%,Hes1;Fancg;Faap24;Poli;Cenpx;Cenps;Telo2;Fanca;Brca1;Eme2;Mlh1;Rmi1;Fancl;Faap100;Pms2;Rad51;Blm;Fancd2;Fancb;Rmi2;Palb2;Brip1;Usp1;Brca2
prerank,Cytokine-cytokine receptor interaction,-0.3790868708959922,-1.488525610561651,0.004860267314702308,0.04806276288386148,0.939,78/248,21.87%,Cxcl14;Il17b;Bmp7;Ccl2;Ackr4;Lifr;Ccl7;Tnfrsf1a;Il6;Ccl27a;Gdf11;Bmpr2;Ackr3;Lep;Csf2rb2;Tnfrsf11b;Il7;Ngfr;Csf2rb;Cxcl12;Il11ra1;Tnfsf8;Il6st;Il17ra;Tnfsf9;Acvr1;Il17rb;Il16;Tnfsf12;Il19;Gm20878;Il20ra;Fas;Il20rb;Cntfr;Osmr;Il2rg;Cxcl9;Gdf6;Bmp6;Gdf15;Csf1;Ccl11;Il12rb2;Bmp4;Clcf1;Cd70;Crlf2;Cx3cl1;Il1r2;Tnfrsf10b;Ngf;Tnfrsf11a;Tnfrsf18;Tgfbr1;Il17d;Cxcl10;Acvr2a;Il11;Il1rl1;Ifnar2;Epor;Il1rap;Ltbr;Relt;Tnfrsf25;Eda;Amhr2;Bmpr1a;Csf2;Gdf10;Tnfrsf12a;Ccl27b;Il10;Il27ra;Il24;Tgfb1;Inha
prerank,Transcriptional misregulation in cancer,-0.396921149853413,-1.4815891081691803,0.005319148936170213,0.05065369537355816,0.947,61/163,22.55%,Igfbp3;Ccnd2;Maf;Plat;Nr4a3;Mef2c;Eya1;Bcl11b;Cdkn1a;Il6;Sin3a;Cdk14;Itgb7;Runx1;Flt1;Jmjd1c;Smad1;Ss18;Gria3;Erg;Fli1;Mycn;Ngfr;Zeb1;Pax8;Atf1;Pbx3;Kmt2a;Mdm2;Ddx5;Pdgfa;Etv1;Etv4;Etv5;Pbx1;Plau;Runx2;Igf1r;Mllt3;Arnt2;Pparg;Mitf;Bmp2k;Il1r2;Fus;Ddit3;Runx1t1;Dusp6;Id2;Pml;Aff1;H3f3a;Bcl6;Rara;Csf2;Myc;Cdkn1b;Elk4;Hdac2;Mpo;Polk
prerank,Morphine addiction,-0.43092499643650195,-1.4670697365450687,0.014925373134328358,0.05684277642481661,0.963,30/80,17.56%,Adcy9;Pde3a;Adcy3;Gabbr1;Gng2;Gng11;Pde4d;Pde2a;Adcy4;Cacna1a;Prkacb;Gabre;Prkcg;Gnai2;Adora1;Grk5;Gngt2;Prkca;Pde10a;Gng10;Gnai1;Pde4b;Pde4a;Grk4;Adcy7;Pde1b;Gnao1;Gng8;Grk6;Pde1a
prerank,Biosynthesis of unsaturated fatty acids,0.4534593470521452,1.4613369790051625,0.030379746835443037,0.1063441951876303,0.828,16/32,14.50%,Hacd3;Elovl7;Acaa1b;Scd1;Acot4;Scd3;Acot2;Hsd17b12;Acot1;Acaa1a;Acot5;Acox1;Fads2;Tecr;Acot3;Fads1
prerank,FoxO signaling pathway,-0.4016305196215854,-1.4563988079133925,0.009562841530054645,0.06155733603300063,0.969,49/127,21.81%,Slc2a4;Ccnd2;Homer1;S1pr1;Cdkn1a;Il6;Cdkn2d;Akt2;Egfr;Mdm2;Irs2;Ccng2;Raf1;Hras;Fbxo32;Rbl2;Sos2;Fbxo25;Bcl2l11;Igf1r;Akt3;Pik3r2;Prkag2;Mapk8;Sirt1;Foxo6;Foxo4;Sos1;Sgk3;Pik3ca;Stat3;Sgk1;Tgfbr1;Pik3cd;Crebbp;Pik3r1;Prmt1;Agap2;Prkaa1;Prkag3;Bcl6;Irs4;Mapk14;Ep300;Il10;Pck1;Cdkn1b;Prkab2;Tgfb1
prerank,Amino sugar and nucleotide sugar metabolism,0.4297229371423228,1.4538287110556078,0.032,0.10859494440583739,0.842,14/46,12.99%,Cmas;Uap1l1;Gale;Gmds;Gne;Pmm2;Pgm3;Nans;Cyb5r1;Mpi;Chit1;Gmppb;Uxs1;Fpgt
prerank,GABAergic synapse,-0.4256549900258484,-1.4454007617813187,0.020061728395061727,0.06642846976670447,0.981,25/79,16.57%,Cacna1c;Abat;Cacna1d;Adcy9;Adcy3;Gabbr1;Gng2;Gng11;Gls;Slc38a2;Adcy4;Cacna1a;Prkacb;Gabre;Prkcg;Gnai2;Slc38a5;Trak2;Gngt2;Prkca;Gng10;Gnai1;Adcy7;Gnao1;Gng8
prerank,African trypanosomiasis,-0.4940597692164078,-1.4390556107421115,0.05422647527910686,0.06924820320156812,0.984,11/34,15.94%,Vcam1;Il6;Icam1;Sele;Myd88;Prkcg;Fas;Gnaq;Plcb1;Prkca;Lama4
prerank,Mitophagy,0.3948202437346408,1.4382404479671127,0.023880597014925373,0.11853935024322447,0.869,28/63,24.93%,Rab7b;Fis1;Tbk1;Eif2ak3;Rhot2;Atg9b;Rras2;Kras;Becn1;Usp15;Gabarapl2;Fundc1;Bcl2l1;Csnk2b;Bcl2l13;Nbr1;Pgam5;Tomm7;Gabarap;Rab7;Tbc1d17;Atg9a;Foxo3;E2f1;Csnk2a2;Usp30;Mapk9;Tbc1d15
prerank,Cysteine and methionine metabolism,0.41987753751246004,1.4262504525038648,0.023054755043227664,0.12402999768357655,0.891,19/48,18.16%,Mpst;Lao1;Tst;Kyat1;Dnmt1;Adi1;Got1;Ahcyl2;Cdo1;Mri1;Bcat2;Agxt2;Tat;Mat2b;Gclc;Gss;Kyat3;Mdh1;Sdsl
prerank,Glutamatergic synapse,-0.40270963557787487,-1.421970190610136,0.014326647564469915,0.07892050625379195,0.989,34/102,16.57%,Cacna1c;Cacna1d;Homer1;Pld1;Slc17a7;Shank3;Shank1;Adcy9;Adcy3;Gng2;Grik3;Gria3;Gng11;Gls;Slc38a2;Trpc1;Ppp3cb;Adcy4;Cacna1a;Prkacb;Prkcg;Gnai2;Gnaq;Plcb1;Dlg4;Gngt2;Prkca;Gng10;Gnai1;Itpr1;Adcy7;Gria4;Gnao1;Gng8
prerank,Endocytosis,0.31679173826208534,1.41876870170402,0.0,0.12640614141765114,0.904,83/253,18.82%,Rab11fip1;Mvb12a;Folr1;Rab4a;Dnajc6;Cblc;Vps37b;Traf6;Arpc1b;Pip5k1b;Arfgap2;Rab8a;Ehd1;Chmp4b;Rab11fip4;Tsg101;Snf8;Arfgef2;Chmp1a;Prkcz;Chmp1b;Vps36;Arpc4;Clta;Acap2;Pard6b;Sh3glb2;Folr2;Arf1;Epn1;Smap2;Arf3;Grk2;Rnf41;Arpc1a;Agap1;Cltc;Vps26a;Ap2b1;Arpc5l;Vps4b;Psd3;Chmp6;H2-Q2;H2-Q7;Vta1;Capza1;Vps37c;Dnm2;Pip5k1c;Ap2s1;Git1;Smad3;Igf2r;Chmp2a;Gm10499;Arpc3;Epn3;Chmp4c;Arap1;Arfgap1;Vps25;Bin1;Ehd4;Arfgap3;Vps4a;Nedd4l;Chmp5;Dab2;Hgs;Washc5;H2-Q8;Snx3;Chmp3;H2-Q6;H2-Q4;H2-Bl;Dnm1;H2-T23;H2-T22;H2-Q10;Zfyve27;Vps35
prerank,Dopaminergic synapse,-0.3902522353848802,-1.4116587014592616,0.01602136181575434,0.084902608233524,0.99,47/126,19.83%,Cacna1c;Cacna1d;Calm2;Gsk3a;Ppp2r2b;Gng2;Gria3;Gng11;Camk2g;Ppp3cb;Maob;Cacna1a;Akt2;Prkacb;Prkcg;Gnai2;Camk2d;Ppp2r2a;Atf4;Ppp2r5e;Slc6a3;Ppp2r1b;Creb3l2;Clock;Ppp2r2c;Akt3;Gnaq;Plcb1;Ppp2cb;Gngt2;Prkca;Gng10;Mapk8;Gnai1;Itpr1;Calm1;Camk2b;Gria4;Gnao1;Gng8;Maoa;Th;Calml3;Slc18a2;Kif5c;Gng13;Mapk14
prerank,Platelet activation,-0.3955901895254457,-1.4110651095328182,0.02642559109874826,0.08402648746324731,0.99,43/124,17.45%,Mylk;Gucy1b1;Prkg2;Apbb1ip;Adcy9;Fyn;Prkg1;Adcy3;Gucy1a1;Ppp1r12a;Itgb1;Tln1;Rasgrp2;Stim1;Adcy4;Gp1ba;Akt2;Prkacb;Gnai2;Nos3;Rock1;Itgb3;P2rx1;Akt3;Pik3r2;Tbxa2r;Arhgef12;Gnaq;Plcb1;P2ry1;Gucy1a2;Ptgir;Gnai1;Itga2b;Itpr1;Adcy7;Pik3ca;Col3a1;Pik3cd;Col1a1;Col1a2;Pik3r1;Rap1a
prerank,Glycerophospholipid metabolism,0.3635362732599159,1.4096345083765645,0.016286644951140065,0.13133446957897008,0.914,44/94,24.58%,Mboat1;Ptdss2;Gpd1;Lypla2;Gpcpd1;Pnpla7;Pla2g4e;Lpcat1;Lpin1;Dgkd;Ptdss1;Chpt1;Plb1;Pisd;Agpat2;Gpam;Plpp2;Pla2g6;Pcyt2;Pla2g12a;Gpd1l;Pla2g4d;Gnpat;Pla2g4c;Lpin3;Lpcat3;Plpp5;Gpat4;Agpat1;Crls1;Pgs1;Agpat3;Pla2g4a;Pemt;Cept1;Lpgat1;Plpp4;Pla2g4f;Pla2g5;Chka;Pla2g15;Pla2g2d;Lpcat4;Pnpla6
prerank,Thermogenesis,0.327531089457359,1.4085463950987402,0.013157894736842105,0.12818472029186936,0.916,107/213,26.63%,Mapk13;Acsl5;Lipe;Coa5;Prkab1;Coa3;Cpt2;Smarcd2;Creb3;Cox14;Cox4i1;Mapk11;Mlst8;Ndufs4;Prkaa2;Dpf3;Pnpla2;Rps6kb2;Cox17;Ndufv3;Kras;Cox6b1;Ndufa7;Ndufb7;Sdha;Acsl1;Ndufa10;Creb3l1;Ndufa2;Ndufc2;Prkag1;Ndufs2;Ndufv2;ND6;Coa6;Ndufa3;Uqcrfs1;Mapk12;Tsc1;Cox5a;Coa7;Ndufb4b;ND5;Uqcrc2;Akt1s1;Coa4;Ndufb5;Ndufb9;Cox15;Actl6a;Ndufb6;Cox18;Cox16;Ndufb8;Cox6a1;Cox7c;Cox8a;Cox7b;Uqcr10;Ndufa6;Ndufa9;Ndufa13;Ndufb10;Cyc1;Sirt6;Ndufs5;CYTB;Cox5b;COX1;Ndufa4;Adcy10;Ndufs7;Rps6;Ndufb3;Ndufs6;Ndufb11;Sdhd;Ndufc1;Ndufaf1;COX2;ATP8;Ndufab1;ATP6;ND4L;Uqcrb;Ndufb4c;COX3;ND4;ND3;Ndufa1;Ndufv1;Ndufs3;Uqcrq;Ndufb4;Uqcrh;Ndufb2;Cox7a2;Ndufaf6;ND1;Ndufaf2;Slc25a29;Rptor;Ndufs8;Ndufa8;Ndufa5;Ndufa12;Cox7a2l
prerank,Oocyte meiosis,-0.39495110119143395,-1.4078062054061726,0.027855153203342618,0.08500382351098441,0.991,32/111,18.09%,Calm2;Cpeb2;Smc1a;Adcy9;Adcy3;Camk2g;Rec8;Ppp3cb;Stag3;Adcy4;Rps6ka2;Prkacb;Camk2d;Ppp2r5e;Rps6ka3;Ppp2r1b;Cpeb1;Cdc23;Anapc1;Igf1r;Anapc5;Ppp2cb;Ar;Itpr1;Adcy7;Calm1;Camk2b;Anapc11;Cul1;Ywhaq;Btrc;Calml3
prerank,Folate biosynthesis,0.4729899289653298,1.4060722753414547,0.06046511627906977,0.1268364427581878,0.917,9/25,21.60%,Tph1;Gphn;Mocos;Pts;Qdpr;Mocs1;Gch1;Pcbd2;Akr1b10
prerank,Steroid biosynthesis,0.49604413657500035,1.3982071715131728,0.08478802992518704,0.13093198944579568,0.926,8/19,17.31%,Cel;Lipa;Dhcr7;Dhcr24;Ebp;Cyp24a1;Tm7sf2;Hsd17b7
prerank,Prion diseases,-0.47258171676024663,-1.3946346959605376,0.058637083993660855,0.09351574295628526,0.994,8/34,12.48%,Prnp;Lamc1;Il6;Fyn;Prkacb;Ncam1;Egr1;Elk1
prerank,Olfactory transduction,-0.45684982146482617,-1.3921097243569616,0.050381679389312976,0.0941659180006534,0.994,19/40,20.89%,Slc8a1;Calm2;Prkg2;Prkg1;Adcy3;Camk2g;Pde2a;Prkacb;Camk2d;Rgs2;Pde1b;Calm1;Slc8a2;Camk2b;Pde1a;Calml3;Gng13;Arrb2;Gucy2e
prerank,Toll-like receptor signaling pathway,0.36512757846316624,1.3907105033793608,0.029411764705882353,0.1343558500221113,0.935,25/88,14.17%,Mapk13;Spp1;Cd14;Tlr4;Nfkbia;Traf6;Tnf;Tlr3;Ly96;Tlr5;Tbk1;Ikbkg;Tirap;Ticam1;Mapk11;Pik3cb;Fadd;Casp8;Map2k2;Lbp;Irf3;Mapk12;Map2k7;Tlr6;Tollip
prerank,Notch signaling pathway,-0.4444387087399504,-1.385898564195722,0.05891472868217054,0.09800335878797778,0.996,21/49,22.59%,Jag2;Dll1;Jag1;Rbpj;Numbl;Notch4;Dvl2;Ctbp2;Mfng;Dll4;Maml1;Maml3;Maml2;Crebbp;Dtx3;Aph1b;Lfng;Ep300;Hdac2;Hes5;Ncor2
prerank,SNARE interactions in vesicular transport,0.4435245474609713,1.3839420131344573,0.05822784810126582,0.137354116420717,0.944,18/32,21.37%,Vti1b;Stx3;Stx19;Gosr2;Stx16;Vamp8;Bnip1;Snap23;Stx8;Stx18;Gosr1;Snap29;Ykt6;Vamp3;Stx5a;Bet1;Sec22b;Vti1a
prerank,Pentose phosphate pathway,0.43689136132661854,1.3782270401249028,0.07650273224043716,0.13960029286210662,0.956,10/31,8.59%,Taldo1;Aldoc;Rbks;Dera;G6pdx;Tkt;G6pd2;Pgd;Pgls;Rpia
prerank,Hepatitis C,0.3324530284125455,1.3779672090590407,0.011406844106463879,0.13600482105628908,0.956,33/144,10.26%,Cldn3;Cldn1;Cldn8;Cldn4;Ocln;Rnasel;Cldn6;Cldn7;Nfkbia;Traf6;Tnf;Tlr3;Tbk1;Casp9;Oas2;Ikbkg;Eif2ak3;Cdk6;Ticam1;Bid;Eif2ak1;Psme3;Pik3cb;Fadd;Kras;Casp8;Ywhae;Cldn10;Scarb1;Map2k2;Bak1;E2f2;Rb1
prerank,Rheumatoid arthritis,0.36801961789111687,1.3754450309002701,0.026058631921824105,0.13452648704994083,0.956,31/76,22.11%,Atp6v0e2;Atp6v1d;Tlr4;Atp6v1b1;Atp6v1h;Angpt1;Atp6v1b2;Tnf;Tnfsf13;Atp6v1g1;Atp6v1c2;Atp6v0e;Atp6v1e1;Atp6v1f;Tcirg1;H2-Oa;Ccl20;Atp6v0b;Il15;Tnfsf11;Il23a;Atp6v0a1;H2-Ob;Atp6ap1;Atp6v1a;Itgb2l;Atp6v0a2;Ccl5;Atp6v0d1;Tgfb2;Cxcl5
prerank,Neurotrophin signaling pathway,-0.3831541028987069,-1.3702203795113495,0.028455284552845527,0.10937029321544187,0.999,45/118,18.09%,Calm2;Camk4;Ntrk3;Ntf5;Trp73;Ripk2;Maged1;Sh2b2;Plcg1;Camk2g;Shc2;Ngfr;Rps6ka2;Ntf3;Akt2;Bdnf;Camk2d;Raf1;Atf4;Hras;Rps6ka3;Shc4;Map2k5;Sos2;Map3k3;Akt3;Pik3r2;Mapkapk2;Ntrk2;Crkl;Mapk8;Arhgdib;Sos1;Rapgef1;Sh2b3;Calm1;Pik3ca;Ngf;Ptpn11;Camk2b;Pik3cd;Abl1;Pik3r1;Rap1a;Calml3
prerank,Ribosome biogenesis in eukaryotes,0.35941095410324025,1.3581594326468758,0.02727272727272727,0.1484377857430233,0.965,30/81,24.63%,Nxf7;Rrp7a;Pop5;Pop7;Nop10;Gnl2;Efl1;Nhp2;Wdr36;Nvl;Riok2;Imp3;Csnk2b;Lsg1;Imp4;Pop4;Rpp38;Fcf1;Emg1;Rexo5;Utp14a;Rexo1;Csnk2a2;Tbl3;Heatr1;Nol6;Wdr3;Rpp25l;Eif6;Rcl1
prerank,Melanoma,-0.40257548977537155,-1.3516241888652547,0.05812220566318927,0.12496682048350212,0.999,28/70,23.84%,Hgf;Pdgfrb;Cdkn1a;Akt2;Pdgfc;Egfr;Fgf2;Mdm2;Raf1;Hras;Fgf1;Fgf21;Pdgfa;Fgfr1;Igf1r;Akt3;Pik3r2;Mitf;Pik3ca;Pik3cd;Pik3r1;Fgf18;Fgf9;Braf;Polk;Pdgfb;Pik3r3;Fgf17
prerank,Insulin signaling pathway,-0.36631554490198026,-1.3461448685389419,0.02807486631016043,0.12856697571324008,1.0,51/134,23.56%,Slc2a4;Calm2;Socs1;Prkar1b;Socs3;Sorbs1;Ppp1r3d;Sh2b2;Prkar1a;Shc2;Pygm;Akt2;Prkacb;Irs2;Raf1;Hras;Ppp1r3b;Shc4;Sos2;Pygb;Akt3;Pik3r2;Elk1;Ppp1r3c;Prkag2;Crkl;Mapk8;Flot2;Sos1;Rapgef1;Calm1;Pik3ca;Ppargc1a;Pik3cd;Pik3r1;Ppp1r3f;Calml3;Prkaa1;Prkag3;Irs4;Eif4e;Pck1;Prkab2;Exoc7;Rhoq;Socs2;Braf;Gck;Tsc2;Pik3r3;Calm3
prerank,Inflammatory mediator regulation of TRP channels,-0.376520273724381,-1.341474017972722,0.047752808988764044,0.1314224696790265,1.0,38/107,19.88%,Calm2;Map2k6;Cyp2j9;Trpv4;Adcy9;Prkcq;Adcy3;Plcg1;Camk2g;Adcy4;Prkacb;Trpv2;Prkcg;Camk2d;Bdkrb2;Asic4;Hrh1;Pik3r2;Gnaq;Plcb1;Alox12;Prkca;Mapk8;Itpr1;Adcy7;Calm1;Pik3ca;Ngf;Htr2a;Camk2b;Pik3cd;Pik3r1;Cyp4a32;Calml3;Il1rap;Cyp2j6;Mapk14;Prkcd
prerank,PPAR signaling pathway,0.3612132006524367,1.3401895647771904,0.030211480362537766,0.16440453439888814,0.979,24/75,14.47%,Acsl5;Plin2;Cpt2;Acaa1b;Scd1;Dbi;Me1;Scd3;Slc27a1;Gk;Lpl;Acaa1a;Fabp3;Acsl1;Hmgcs2;Acox1;Slc27a4;Fads2;Plin5;Acsbg1;Ehhadh;Pdpk1;Gk2;Acadm
prerank,Long-term depression,-0.4173767491815087,-1.3361271472917597,0.0688622754491018,0.13512343914479655,1.0,21/59,16.90%,Gucy1b1;Prkg2;Prkg1;Gucy1a1;Gria3;Cacna1a;Prkcg;Gnai2;Raf1;Hras;Ppp2r1b;Igf1r;Gnaq;Plcb1;Ppp2cb;Prkca;Gucy1a2;Gnai1;Itpr1;Gnao1;Gnaz
prerank,Cholesterol metabolism,-0.4297757791617304,-1.3350516171123974,0.11022364217252396,0.1344016930143983,1.0,18/45,18.45%,Lrp1;Apoe;Pltp;Lrpap1;Cyp27a1;Lcat;Mylip;Osbpl5;Abcg5;Soat1;Apoc1;Pcsk9;Nceh1;Lipg;Angptl4;Npc1;Abca1;Ldlr
prerank,Glutathione metabolism,0.36966417401323654,1.331696753349853,0.06116207951070336,0.17007660484711604,0.983,21/62,19.29%,Gpx3;Gstt2;Txndc12;Mgst1;G6pdx;G6pd2;Gstt3;Oplah;Pgd;Gpx4;Gpx1;Gsta3;Idh2;Ggct;Lap3;Gclc;Gss;Nat8f2;Gsr;Gsta2;Gpx2
prerank,Alcoholism,-0.37544033925853276,-1.328799229997588,0.05660377358490566,0.13901873009844018,1.0,40/102,22.70%,Calm2;Camk4;Hdac4;Adora2b;Gng2;Gng11;Adora2a;Shc2;Maob;Npy;Bdnf;Gnai2;Raf1;Atf4;Hras;Shc4;Slc6a3;Creb3l2;Sos2;Pkia;Gngt2;Ntrk2;Gng10;Gnai1;Hdac6;Sos1;Calm1;Gnao1;Gng8;Maoa;Th;Calml3;H3f3a;Slc18a2;Gng13;Hdac9;Grin3b;Hdac2;Braf;Grin2d
prerank,Other types of O-glycan biosynthesis,-0.49734103631921667,-1.3195740451025875,0.11872909698996656,0.14776552363840015,1.0,6/22,8.46%,B4galt2;Eogt;Colgalt2;Poglut1;Pofut2;Mfng
prerank,Pyruvate metabolism,0.40172231692647037,1.3149503121804973,0.07816711590296496,0.187308524297022,0.989,14/37,18.46%,Hagh;Acss1;Pcx;Ldhd;Me1;Grhpr;Acaca;Pdha1;Acat1;Acss2;Dld;Mdh1;Dlat;Pdhb
prerank,Prostate cancer,-0.37598341829905235,-1.3140131817149572,0.053237410071942444,0.15229127832119455,1.0,34/94,16.81%,Plat;Pdgfrb;Cdkn1a;Hsp90aa1;Tgfa;Erg;Zeb1;Akt2;Pdgfc;Nkx3-1;Ctnnb1;Egfr;Mdm2;Tcf7l1;Raf1;Tcf7;Atf4;Hras;Pdgfa;Etv5;Creb3l2;Sos2;Plau;Fgfr1;Igf1r;Akt3;Pik3r2;Ar;Il1r2;Sos1;Pik3ca;Pik3cd;Crebbp;Pik3r1
prerank,Propanoate metabolism,0.4195275423577764,1.3124282133516008,0.09045226130653267,0.18611557505211954,0.989,21/30,29.09%,Acss1;Acss3;Suclg2;Mlycd;Suclg1;Ehhadh;Bckdha;Acaca;Pccb;Echdc1;Acadm;Acat1;Acss2;Dld;Pcca;Acacb;Dbt;Echs1;Aldh6a1;Bckdhb;Hibch
prerank,Type I diabetes mellitus,0.38005800876301077,1.3059880081538973,0.09221902017291066,0.19011885474408907,0.99,20/53,24.03%,Tnf;Ica1;H2-Oa;H2-Q2;H2-Q7;Gad1;Gm10499;H2-Q8;H2-Q6;H2-Q4;H2-Bl;H2-Ob;H2-T23;H2-T22;H2-Q10;H2-K1;H2-Q1;H2-T10;H2-D1;Hspd1
prerank,Salmonella infection,0.3532778352077427,1.303867887514774,0.06687898089171974,0.18859865594794367,0.99,19/76,13.69%,Mapk13;Rab7b;Cd14;Tlr4;Arpc1b;Tlr5;Pycard;Pkn1;Arpc4;Mapk11;Arpc1a;Arpc5l;Cxcl2;Lbp;Cxcl3;Mapk12;Ifngr2;Arpc3;Ifngr1
prerank,C-type lectin receptor signaling pathway,-0.36596704978637756,-1.302594798998936,0.06536856745479833,0.16343090208398228,1.0,34/106,17.14%,Irf9;Calm2;Egr2;Il6;Nfatc1;Nfatc4;Ksr1;Ppp3cb;Irf1;Ptgs2;Akt2;Egr3;Map3k14;Mdm2;Lsp1;Raf1;Hras;Ikbke;Stat2;Rras;Akt3;Pik3r2;Mapkapk2;Arhgef12;Mapk8;Casp1;Itpr1;Calm1;Pik3ca;Ptpn11;Pik3cd;Pik3r1;Il17d;Nfatc2
prerank,Linoleic acid metabolism,0.40759423323792854,1.2815393999448221,0.125,0.21402232453092424,0.994,12/34,26.08%,Pla2g4e;Plb1;Pla2g6;Pla2g12a;Alox15;Pla2g4d;Pla2g4c;Pla2g4a;Pla2g4f;Pla2g5;Pla2g2d;Cyp2c70
prerank,Tight junction,0.3056290616822167,1.276436476297822,0.041474654377880185,0.21652264555699913,0.994,26/160,6.58%,Cldn3;Epb41l4b;Cgn;Marveld2;Tjp3;Cldn1;Llgl2;Cldn8;Marveld3;Cldn4;Ocln;Igsf5;Dlg1;Cldn6;Crb3;Cldn7;Prkab1;Actr2;Rab8a;Prkcz;Cgnl1;Pard6b;Afdn;Tuba8;Prkaa2;Erbb2
prerank,Serotonergic synapse,-0.3561253609077331,-1.2752419599826226,0.07433380084151472,0.19612632225213755,1.0,34/111,19.82%,Cacna1c;Cacna1d;Htr1d;Cyp2j9;Dusp1;Gng2;Gng11;Trpc1;Maob;Ptgs2;Cacna1a;Prkacb;Prkcg;Gnai2;Raf1;Hras;Alox8;App;Gnaq;Plcb1;Gngt2;Alox12;Prkca;Gng10;Gnai1;Itpr1;Htr2a;Gnao1;Gng8;Maoa;Cyp2d22;Slc18a2;Gng13;Cyp2j6
prerank,Pyrimidine metabolism,0.35467832818414596,1.2752015461223707,0.0948509485094851,0.21380788594325256,0.995,18/55,17.56%,Cmpk1;Enpp3;Nudt2;Entpd6;Entpd4;Entpd3;Tk2;Uck1;Entpd8;Nme6;Nt5m;Nme1;Dhodh;Ctps2;Cmpk2;Dctpp1;Cant1;Dtymk
prerank,Protein processing in endoplasmic reticulum,0.3052118942762125,1.271076014353556,0.02766798418972332,0.21469987838776927,0.995,63/157,23.25%,Man1c1;Rnf5;Fbxo6;Derl2;Os9;Nploc4;Eif2ak3;Sel1l;Sil1;Man1b1;Svip;Dnajb12;Eif2ak1;Mogs;Plaa;Mbtps2;Sar1b;Dnaja2;Prkcsh;Ubqln1;Bak1;Xbp1;Edem2;Sec24c;Hspa4l;Tram1;Ganab;Sec61b;Stub1;Bag1;Derl1;Stt3a;Derl3;Sec23b;Map2k7;Ssr4;Ssr2;Erlec1;Rpn2;Dnajc5;Hspbp1;Lman2;Ube4b;Ube2j2;Dnajc3;Erp29;Rpn1;Ubqln4;Dnajb11;Lman1;Dad1;Rad23b;Sec61a1;Preb;Bax;Selenos;Pdia6;Sec63;P4hb;Uggt1;Edem3;Traf2;Dnajc1
prerank,Thyroid hormone signaling pathway,-0.35569056386725584,-1.267041699564772,0.08082191780821918,0.20499703240548248,1.0,54/114,27.43%,Atp1b3;Ncoa1;Atp1b2;Sin3a;Rcan1;Plcg1;Notch4;Pfkp;Plcd4;Atp1a1;Atp2a2;Akt2;Prkacb;Rcan2;Med13l;Ctnnb1;Prkcg;Atp1a2;Mdm2;Raf1;Hras;Slc9a1;Med27;Itgb3;Akt3;Pik3r2;Bmp4;Plcb1;Itgav;Prkca;Pik3ca;Pik3cd;Crebbp;Pik3r1;Slc16a10;Plcd1;Ep300;Med13;Ncoa2;Myc;Thra;Hdac2;Hif1a;Pln;Tsc2;Pik3r3;Foxo1;Plcb4;Trp53;Dio3;Hdac1;Src;Med12l;Mtor
prerank,Huntington disease,0.2969644060711974,1.2602892822599603,0.032388663967611336,0.22608174611053594,0.998,88/174,26.63%,Hap1;Casp9;Clta;Creb3;Cox4i1;Ndufs4;Polr2e;Dnah10;Cltc;Ndufv3;Cox6b1;Ndufa7;Casp8;Ap2b1;Ndufb7;Sdha;Ndufa10;Creb3l1;Ndufa2;Ndufc2;Vdac3;Ndufs2;Gpx1;Ndufv2;Ndufa3;Uqcrfs1;Cox5a;Ap2s1;Sod1;Ndufb4b;Uqcrc2;Ndufb5;Ndufb9;Ndufb6;Ndufb8;Cox6a1;Cox7c;Cox8a;Cox7b;Uqcr10;Ndufa6;Ndufa9;Ndufa13;Ndufb10;Cyc1;Tbp;Ndufs5;CYTB;Cox5b;COX1;Ndufa4;Ndufs7;Ndufb3;Ndufs6;Ndufb11;Sdhd;Ndufc1;COX2;ATP8;Tgm2;Vdac2;Ndufab1;Casp3;Polr2g;Bax;ATP6;Htt;Uqcrb;Taf4;Ndufb4c;COX3;Cycs;Ndufa1;Ndufv1;Ndufs3;Vdac1;Uqcrq;Ndufb4;Uqcrh;Ndufb2;Cox7a2;Ndufs8;Ndufa8;Dnah11;Ndufa5;Polr2i;Ndufa12;Cox7a2l
prerank,Glucagon signaling pathway,-0.3610632494863349,-1.2583838075521883,0.1059322033898305,0.21474723689475053,1.0,49/95,31.18%,Crtc2;Calm2;Camk2g;Ppp3cb;Pygm;Akt2;Prkacb;Camk2d;Cpt1c;Atf4;Creb3l2;Pfkfb1;Pygb;Akt3;Gnaq;Plcb1;Prkag2;Sirt1;Itpr1;Calm1;Sik2;Camk2b;Ppargc1a;Crebbp;Ldhb;Prmt1;Calml3;Prkaa1;Prkag3;Ep300;Pck1;Prkab2;Gck;Calm3;Atf2;Foxo1;Plcb4;Phka2;Ppp3ca;Calml4;Slc2a2;Phkb;Gys1;Phkg1;Gnas;Ppara;Phka1;Creb3l3;Creb3l4
prerank,Phagosome,0.300001719559251,1.2581702508287176,0.04680851063829787,0.22443124565670608,0.998,52/163,22.04%,Atp6v0e2;Tap2;Atp6v1d;Rab7b;Cd14;Tlr4;Atp6v1b1;Atp6v1h;Sftpd;Atp6v1b2;Atp6v1g1;Atp6v1c2;Atp6v0e;Atp6v1e1;Cyba;Atp6v1f;Tcirg1;Tuba8;C3;H2-Oa;Scarb1;H2-Q2;H2-Q7;Ncf2;Stx18;Sec61b;Atp6v0b;Gm10499;Tlr6;Vamp3;Hgs;H2-Q8;H2-Q6;Atp6v0a1;H2-Q4;H2-Bl;H2-Ob;H2-T23;H2-T22;H2-Q10;Atp6ap1;Sec61a1;H2-K1;Rab7;Atp6v1a;Itgb2l;Sec22b;H2-Q1;Atp6v0a2;Atp6v0d1;Cd36;H2-T10
prerank,Cocaine addiction,-0.41301939803249926,-1.2567165418531219,0.125,0.21476641620385498,1.0,16/43,22.70%,Cdk5r1;Gpsm1;Maob;Bdnf;Prkacb;Gnai2;Atf4;Slc6a3;Creb3l2;Dlg4;Gnai1;Maoa;Th;Slc18a2;Grin3b;Grin2d
prerank,Bile secretion,-0.38482467943276555,-1.2547953975738662,0.1095890410958904,0.21517844802208572,1.0,15/64,9.38%,Atp1b3;Abcb1b;Atp1b2;Abcb1a;Aqp1;Adcy9;Adcy3;Atp1a1;Adcy4;Prkacb;Atp1a2;Abcg5;Slc4a4;Slc9a1;Abcc4
prerank,Chemokine signaling pathway,-0.3287687363554152,-1.2436725801747455,0.08125819134993446,0.22909213297018594,1.0,51/180,17.45%,Cxcl14;Ccl2;Gsk3a;Ccl7;Ccl27a;Vav3;Tiam1;Adcy9;Adcy3;Gng2;Gng11;Rasgrp2;Shc2;Adcy4;Akt2;Prkacb;Cxcl12;Gnai2;Pard3;Raf1;Hras;Rock1;Shc4;Gm20878;Sos2;Cxcl9;Stat2;Ccl11;Akt3;Pik3r2;Ncf1;Plcb1;Grk5;Gngt2;Crkl;Gng10;Cx3cl1;Gnai1;Grk4;Adcy7;Sos1;Pik3ca;Pxn;Stat3;Bcar1;Pik3cd;Gng8;Pik3r1;Grk6;Cxcl10;Rap1a
prerank,"Valine, leucine and isoleucine degradation",0.35300206021878255,1.2414163973293943,0.12777777777777777,0.24678404631484283,0.999,25/55,20.59%,Lao1;Acaa1b;Ivd;Acsf3;Acaa1a;Acads;Hmgcs2;Aox3;Mccc2;Aox2;Bcat2;Ehhadh;Agxt2;Bckdha;Pccb;Acadm;Hmgcl;Acaa2;Hadh;Acat1;Dld;Hibadh;Acad8;Pcca;Aox4
prerank,Herpes simplex virus 1 infection,0.27048440214436154,1.2356755057717415,0.022222222222222223,0.2505646282140375,0.999,126/391,23.29%,Bst2;Ifih1;Rnasel;Nxf7;Tap2;Zfp54;Zfp810;Eif2b2;Ppp1ca;Nfkbia;Traf6;Zfp729a;Tnf;Tlr3;Tbk1;Zfp605;Casp9;Oas2;Ikbkg;Eif2ak3;Zfp65;Zfp51;Zfp958;Zfp282;Zfp472;Ticam1;Bid;Zfp748;Zfp935;C3;Zfp850;Eif2ak1;Pik3cb;Zfp938;Fadd;Zfp386;Zfp568;Zfp946;Zfp119a;Casp8;Eif2b1;H2-Oa;Zfp729b;Zfp597;Bak1;H2-Q2;Zfp101;H2-Q7;Zfp84;Srsf9;Zfp933;Zfp612;Irf3;Zfp617;Zfp715;Eif2b5;Tsc1;Zfp667;Bcl2l1;Ifngr2;Eif4ebp1;Zfp866;Gm10499;Zfp398;Zfp87;Tapbp;Ifngr1;Zfp119b;Zfp661;Zfp81;Zfp994;B2m;Eif2b4;Zfp212;Zfp952;Zfp764;Rsl1;Zfp963;Ikbkb;H2-Q8;H2-Q6;Zfp825;Zfp950;H2-Q4;H2-Bl;H2-Ob;Zfp266;H2-T23;H2-T22;Zfp772;H2-Q10;Zfp169;Zfp607a;H2-K1;Zfp456;Zfp182;Zfp960;Zfp937;Birc3;Zfp871;Zfp944;Zfp26;Casp3;Oas3;Chuk;Srpk1;Bax;H2-Q1;Card9;Irak1;Zfp111;Ccl5;Zfp786;Zfp53;Zfp563;Zfp961;Cycs;H2-T10;Zfp953;Zfp773;Zfp229;Zfp868;Zfp708;Traf2;Tradd;H2-D1
prerank,Fructose and mannose metabolism,0.3842231638051419,1.2158320602724235,0.16793893129770993,0.27949096594857537,0.999,10/32,15.73%,Pfkfb3;Pfkfb2;Aldoc;Gmds;Pmm2;Tpi1;Mpi;Gmppb;Fpgt;Fbp2
prerank,Ovarian steroidogenesis,-0.39326620991717864,-1.211486012379657,0.1712962962962963,0.27934864080892813,1.0,11/46,14.74%,Cyp2j9;Adcy9;Adcy3;Adcy4;Ptgs2;Prkacb;Cyp1b1;Bmp6;Igf1r;Lhb;Adcy7
prerank,Thyroid hormone synthesis,-0.3607187057590834,-1.1981530203993307,0.17682020802377416,0.3002509479241244,1.0,20/70,15.69%,Atp1b3;Gpx7;Atp1b2;Adcy9;Adcy3;Atp1a1;Adcy4;Prkacb;Pax8;Prkcg;Atp1a2;Atf4;Gpx8;Creb3l2;Gnaq;Plcb1;Prkca;Itpr1;Adcy7;Duoxa2
prerank,Neuroactive ligand-receptor interaction,-0.3054358253166928,-1.1957000302501775,0.10486891385767791,0.3018866383534793,1.0,62/260,21.60%,S1pr3;Htr1d;S1pr1;Oxtr;Gabbr1;Adora2b;Ednrb;Ucn2;Grik3;Gria3;Sstr3;Glrb;Lep;Adora2a;Avpr1a;Calcrl;Npy;Trh;Gal;Gabre;Pth1r;Pard3;Aplnr;Hcrtr1;Adm;Bdkrb2;Npy1r;Adora1;Penk;Cnr1;Sstr1;Hrh1;P2rx1;Ednra;Tbxa2r;Lpar4;Lhb;Lpar3;Chrm4;P2ry1;P2rx7;Ptgir;Kiss1r;Chrm3;Htr2a;Adcyap1r1;Gria4;Adra1d;Edn2;Oprl1;Ltb4r1;Npw;F2r;Grik4;S1pr5;Chrm1;Gpr83;Adrb3;Galr3;Glp2r;Thra;Grin3b
prerank,Th1 and Th2 cell differentiation,-0.3453374133249055,-1.1937586594271654,0.1744186046511628,0.30243352611483176,1.0,18/84,14.77%,Jag2;Dll1;Maf;Jag1;Nfatc1;Prkcq;Rbpj;Lck;Tbx21;Plcg1;Ppp3cb;Dll4;Il2rg;Maml1;Il12rb2;Mapk8;Maml3;Maml2
prerank,Endometrial cancer,-0.3693585162150019,-1.1934434689559892,0.1712121212121212,0.29980158596510137,1.0,25/58,23.43%,Cdkn1a;Ilk;Akt2;Ctnnb1;Egfr;Tcf7l1;Apc2;Raf1;Tcf7;Hras;Sos2;Axin2;Akt3;Pik3r2;Elk1;Ctnna1;Sos1;Pik3ca;Pik3cd;Pik3r1;Ctnna3;Myc;Braf;Polk;Pik3r3
prerank,ErbB signaling pathway,-0.34639084539372944,-1.1927767481397573,0.16455696202531644,0.2980606077779037,1.0,29/83,16.81%,Nrg2;Nrg1;Cdkn1a;Ereg;Tgfa;Plcg1;Camk2g;Shc2;Abl2;Akt2;Prkcg;Egfr;Camk2d;Raf1;Hras;Shc4;Sos2;Akt3;Pik3r2;Elk1;Prkca;Crkl;Mapk8;Sos1;Pik3ca;Camk2b;Pik3cd;Abl1;Pik3r1
prerank,Human cytomegalovirus infection,-0.30877267653598234,-1.1922107754888849,0.1125158027812895,0.29604620816132576,1.0,63/226,17.14%,Ripk1;Traf5;Ccl2;Calm2;Map2k6;Tnfrsf1a;Cdkn1a;Il6;Arhgef11;Adcy9;Nfatc1;Adcy3;Gng2;Nfatc4;Gng11;Ppp3cb;Adcy4;Ptgs2;Akt2;Prkacb;Cxcl12;Ctnnb1;Prkcg;Egfr;Gnai2;Mdm2;H2-M9;Raf1;Atf4;Hras;Rock1;Fas;Creb3l2;Sos2;Itgb3;Akt3;Pik3r2;Elk1;Arhgef12;Gnaq;Plcb1;Itgav;Gngt2;Prkca;Crkl;Gng10;Cx3cl1;Gnai1;Itpr1;Akap13;Adcy7;Sos1;Calm1;Pik3ca;Pxn;Stat3;Bcar1;Pik3cd;Gnao1;Gng8;H2-T24;Pik3r1;Nfatc2
prerank,Insulin resistance,-0.33568548224015865,-1.18999708247647,0.16477272727272727,0.29657725212348907,1.0,30/106,16.81%,Slc2a4;Crtc2;Socs3;Tnfrsf1a;Ppp1r3d;Il6;Prkcq;Slc27a6;Pygm;Rps6ka2;Akt2;Irs2;Nos3;Rps6ka3;Ppp1r3b;Slc27a3;Creb3l2;Pygb;Akt3;Pik3r2;Gfpt2;Ppp1r3c;Prkag2;Mapk8;Pik3ca;Ptpn11;Stat3;Ppargc1a;Pik3cd;Pik3r1
prerank,Leishmaniasis,0.3254313785766391,1.175295954626445,0.18529411764705883,0.35508056810284916,1.0,13/64,13.69%,Mapk13;Tlr4;Nfkbia;Traf6;Tnf;Cyba;Mapk11;C3;H2-Oa;Ncf2;Mapk12;Ifngr2;Ifngr1
prerank,Retinol metabolism,-0.3675355974815987,-1.174393276221276,0.2081447963800905,0.32253219196470445,1.0,8/56,10.20%,Ugt1a6b;Ugt1a6a;Cyp2s1;Cyp26b1;Dhrs9;Rdh12;Rdh10;Aox1
prerank,Pancreatic secretion,-0.3383911175777391,-1.1721870817835813,0.18039772727272727,0.3235462267232931,1.0,25/93,14.74%,Atp1b3;Atp1b2;Kcnma1;Adcy9;Adcy3;Atp1a1;Trpc1;Atp2b4;Adcy4;Atp2a2;Bst1;Prkcg;Atp1a2;Slc4a4;Slc9a1;Cd38;Ryr2;Clca3b;Gnaq;Plcb1;Prkca;Clca3a1;Itpr1;Chrm3;Adcy7
prerank,TNF signaling pathway,-0.3309731872327737,-1.1715591799873801,0.18892045454545456,0.32166770607676276,1.0,31/110,17.31%,Ripk1;Traf5;Ccl2;Map2k6;Socs3;Vcam1;Dab2ip;Tnfrsf1a;Il6;Jag1;Icam1;Sele;Irf1;Ptgs2;Akt2;Map3k14;Atf4;Fas;Creb3l2;Csf1;Akt3;Pik3r2;Junb;Mapk8;Cx3cl1;Cflar;Pik3ca;Mmp14;Pik3cd;Pik3r1;Cxcl10
prerank,Natural killer cell mediated cytotoxicity,-0.3359898058093974,-1.1710926668496835,0.18269230769230768,0.319531554309175,1.0,26/96,17.89%,Vav3;Icam1;Nfatc1;Fyn;Lck;Plcg1;Ppp3cb;Shc2;Prkcg;Raf1;Hras;Icam2;Shc4;Fas;Sos2;Pik3r2;Prkca;Tnfrsf10b;Sos1;Pik3ca;Ptpn11;Pik3cd;Pik3r1;Nfatc2;Itgb2;Ifnar2
prerank,Allograft rejection,0.34441678693589817,1.170594514996547,0.21584699453551912,0.3596194089961463,1.0,17/49,23.29%,Tnf;H2-Oa;H2-Q2;H2-Q7;Gm10499;H2-Q8;H2-Q6;H2-Q4;H2-Bl;H2-Ob;H2-T23;H2-T22;H2-Q10;H2-K1;H2-Q1;H2-T10;H2-D1
prerank,Colorectal cancer,-0.34142122090866006,-1.1693316078824723,0.1943620178041543,0.3198801453773277,1.0,33/86,24.06%,Cdkn1a;Ereg;Tgfa;Akt2;Ctnnb1;Egfr;Appl1;Tcf7l1;Apc2;Raf1;Tcf7;Hras;Sos2;Bcl2l11;Axin2;Akt3;Pik3r2;Mapk8;Sos1;Pik3ca;Tgfbr1;Msh6;Pik3cd;Pik3r1;Ralgds;Bcl2;Myc;Tgfb1;Braf;Polk;Fos;Pik3r3;Bbc3
prerank,Taste transduction,-0.3742020350291699,-1.1687185777660776,0.2256,0.3179493864534343,1.0,16/48,19.94%,Cacna1c;Htr1d;Gabbr1;Hcn4;Adcy4;Cacna1a;Prkacb;Tas2r135;Tas2r143;Scn2a;P2ry1;Chrm3;Pde1b;Pde1a;Gng13;Pkd1l3
prerank,Central carbon metabolism in cancer,-0.35461447377454364,-1.1683423932173052,0.19424460431654678,0.31572840750533543,1.0,18/61,16.81%,Ntrk3;Pdgfrb;Slc16a3;Fgfr3;Slc1a5;Gls;Pfkp;Pfkm;Akt2;Egfr;Raf1;Hras;Fgfr1;Akt3;Pik3r2;Pik3ca;Pik3cd;Pik3r1
prerank,Progesterone-mediated oocyte maturation,-0.3409871896333553,-1.1679334619164714,0.1919191919191919,0.313588968746597,1.0,25/88,16.81%,Cpeb2;Hsp90aa1;Adcy9;Adcy3;Adcy4;Rps6ka2;Akt2;Prkacb;Gnai2;Raf1;Rps6ka3;Cpeb1;Cdc23;Anapc1;Igf1r;Akt3;Pik3r2;Anapc5;Mapk8;Gnai1;Adcy7;Pik3ca;Pik3cd;Anapc11;Pik3r1
prerank,Ferroptosis,0.3617290788005069,1.1664190046853091,0.21179624664879357,0.3623400737119031,1.0,16/38,15.49%,Slc39a14;Acsl5;Trf;Pcbp1;Gpx4;Acsl1;Vdac3;Slc11a2;Cp;Alox15;Slc40a1;Lpcat3;Gclc;Gss;Fth1;Steap3
prerank,Glycolysis / Gluconeogenesis,0.3188048846316636,1.1565072160622332,0.1755485893416928,0.37949702370066934,1.0,19/64,20.64%,Galm;Acss1;Aldh1a3;Aldoc;Adh5;Tpi1;Minpp1;Aldh3b2;Adpgk;Pdha1;Aldh3b3;Fbp2;Akr1a1;Acss2;Dld;Dlat;Pdhb;Pfkl;Gapdhs
prerank,Thyroid cancer,-0.3901146364468793,-1.150786057413067,0.2564516129032258,0.342888316014734,1.0,8/36,12.53%,Ncoa4;Cdkn1a;Pax8;Ctnnb1;Tcf7l1;Tcf7;Hras;Pparg
prerank,Toxoplasmosis,-0.32212904962107053,-1.141754634582546,0.22335766423357664,0.3576095712928039,1.0,36/104,22.32%,Lama1;Lamb1;Hspa2;Map2k6;Socs1;Tnfrsf1a;Lamc1;Lamc2;Lama3;Itgb1;Lamc3;Lamb3;Myd88;Irgm1;Akt2;Gnai2;Lamb2;Itga6;Akt3;Mapk8;Gnai1;Stat3;Lama4;Gnao1;Lama2;Ldlr;Mapk14;Bcl2;Il10;Jak1;Pik3r5;Hspa1l;H2-Ab1;Hspa1a;Tgfb1;Xiap
prerank,Vasopressin-regulated water reabsorption,-0.3750096255778016,-1.1410369456105691,0.24006359300476948,0.3558033388664718,1.0,17/43,24.71%,Dynll1;Adcy9;Adcy3;Dync2h1;Prkacb;Dync2li1;Creb3l2;Rab11b;Arhgdib;Dync1h1;Dync1li2;Dync1i2;Stx4a;Dctn6;Dctn1;Aqp4;Vamp2
prerank,Sphingolipid signaling pathway,-0.31766986046975293,-1.1400043925319545,0.21023513139695713,0.3546762244335418,1.0,36/119,16.81%,S1pr3;S1pr1;Tnfrsf1a;Pld1;Cers4;Fyn;Sgpl1;Ppp2r2b;Akt2;Degs1;Sphk1;Prkcg;Gnai2;Ppp2r2a;Nos3;Raf1;Ppp2r5e;Hras;Rock1;Bdkrb2;Ppp2r1b;Cers6;Adora1;Ppp2r2c;Akt3;Pik3r2;Gnaq;Plcb1;Ppp2cb;Prkca;Mapk8;Gnai1;Pik3ca;Abcc1;Pik3cd;Pik3r1
prerank,Nicotine addiction,-0.40548379867022394,-1.139998857405619,0.27058823529411763,0.3515452213545807,1.0,10/28,27.97%,Slc17a7;Gria3;Cacna1a;Gabre;Gria4;Grin3b;Grin2d;Cacna1b;Gabrr1;Grin2c
prerank,Galactose metabolism,0.37144368605534916,1.136127577277387,0.2627551020408163,0.42179917956674895,1.0,6/29,7.25%,Lalba;Galm;Gale;Mgam;Glb1;B4galt1
prerank,Cellular senescence,-0.3018130350396516,-1.1336790323221617,0.21024258760107817,0.3609956917673963,1.0,47/171,21.86%,Igfbp3;Cacna1d;Ccnd2;Zfp36l1;Calm2;Map2k6;Cdkn1a;Il6;Slc25a4;Trpv4;Nfatc1;Nfatc4;Ppp3cb;Akt2;Mdm2;H2-M9;Raf1;Hras;Rbl2;Mcu;Hipk3;Rras;Ets1;Akt3;Pik3r2;Mapkapk2;Sirt1;Itpr1;Calm1;Pik3ca;Tgfbr1;Capn2;Pik3cd;H2-T24;Pik3r1;Nfatc2;Btrc;Calml3;Rbbp4;Ppid;Mapk14;Serpine1;Rassf5;Myc;H2-M3;Tgfb1;Nbn
prerank,Phospholipase D signaling pathway,-0.3058265672325645,-1.133217565177955,0.22083333333333333,0.35872188507592,1.0,39/138,16.81%,Pdgfrb;Pld1;Adcy9;Fyn;Adcy3;Plcg1;Avpr1a;Plpp3;Shc2;Adcy4;Akt2;Dgkh;Pdgfc;Sphk1;Egfr;Raf1;Plpp1;Hras;Kitl;Shc4;Pdgfa;Lpar5;Sos2;Rras;Akt3;Pik3r2;Lpar4;Plcb1;Lpar3;Prkca;Agpat4;Dgkb;Adcy7;Sos1;Pik3ca;Ptpn11;Pik3cd;Rapgef4;Pik3r1
prerank,Longevity regulating pathway,-0.32058337766951917,-1.129982368941889,0.22608695652173913,0.3616568178361816,1.0,44/99,27.78%,Camk4;Hspa2;Adcy9;Adcy3;Adcy4;Akt2;Prkacb;Irs2;Appl1;Atf4;Hras;Creb3l2;Igf1r;Akt3;Pik3r2;Pparg;Prkag2;Sirt1;Adcy7;Pik3ca;Ppargc1a;Pik3cd;Pik3r1;Sesn1;Prkaa1;Prkag3;Irs4;Eif4e;Hspa1l;Cryab;Prkab2;Hspa1a;Hdac2;Tsc2;Pik3r3;Hspa1b;Atf2;Foxo1;Trp53;Hdac1;Hspa8;Sesn2;Mtor;Ulk1
prerank,RNA polymerase,0.38272970455263566,1.1276258417474072,0.27543424317617865,0.43585948634291705,1.0,14/26,28.45%,Polr3c;Polr3k;Polr2e;Polr3a;Polr3g;Polr3gl;Polr3h;Polr2g;Polr1b;Polr2i;Polr3b;Polr2j;Polr3d;Polr1d
prerank,Endocrine and other factor-regulated calcium reabsorption,-0.36205682376810616,-1.1271503643197067,0.27976190476190477,0.3640491889277009,1.0,13/49,13.46%,Slc8a1;Atp1b3;Atp1b2;Adcy9;Atp1a1;Prkacb;Prkcg;Atp1a2;Pth1r;Bdkrb2;Gnaq;Plcb1;Prkca
prerank,Hepatitis B,0.26863598213306733,1.122291497547625,0.17557251908396945,0.4417651146629604,1.0,35/151,13.19%,Jak3;Mapk13;Ifih1;Ptk2b;Tlr4;Nfkbia;Traf6;Tnf;Tlr3;Tbk1;Casp9;Ikbkg;Creb3;Tirap;Ticam1;Bid;Mapk11;Pik3cb;Fadd;Stat5b;Kras;Ddb1;Map3k1;Casp8;Creb3l1;Map2k2;Vdac3;E2f2;Rb1;Irf3;Mapk12;Birc5;Smad3;Stat5a;Map2k7
prerank,Arachidonic acid metabolism,0.3054626218071907,1.1179419206387367,0.2606060606060606,0.44568604108044063,1.0,14/67,13.24%,Gpx3;Ephx2;Ptges;Pla2g4e;Plb1;Cyp4f13;Pla2g6;Pla2g12a;Gpx1;Alox15;Pla2g4d;Alox12e;Ptges2;Pla2g4c
prerank,Human immunodeficiency virus 1 infection,0.2557489267093006,1.1175880314390456,0.12663755458515283,0.43935815922795846,1.0,45/209,13.38%,Gng7;Mapk13;Bst2;Tap2;Plcg2;Ap1g2;Ptk2b;Ap1m2;Tlr4;Nfkbia;Traf6;Tnf;Ap1s1;Tbk1;Gnb5;Casp9;Gnb2;Ikbkg;Ap1b1;Bid;Cd3e;Mapk11;Pik3cb;Pak4;Fadd;Rps6kb2;Itpr3;Kras;Ddb1;Casp8;Gng5;Map2k2;Bak1;H2-Q2;H2-Q7;Itpr2;Ap1s3;Irf3;Mapk12;Bcl2l1;Fbxw11;Gm10499;Wee1;Map2k7;Tapbp
prerank,Leukocyte transendothelial migration,-0.315249986951059,-1.1174521641472452,0.23356643356643356,0.3801968985847098,1.0,44/110,20.76%,Myl9;Vcam1;Mmp2;Esam;Cdh5;Vav3;Thy1;Actn1;Icam1;Pecam1;Msn;Plcg1;Itgb1;Cldn5;Cxcl12;Jam2;Ctnnb1;Prkcg;Gnai2;Jam3;Rock1;Sipa1;Pik3r2;Ncf1;Vcl;Prkca;Gnai1;Ctnna1;Arhgap5;Pik3ca;Ptpn11;Pxn;Bcar1;Pik3cd;Rapgef4;Pik3r1;Itgb2;Rap1a;Ctnna3;Actn4;Mapk14;Cldn22;Cybb;Rassf5
prerank,Arginine biosynthesis,0.3956635217113354,1.1155514611516408,0.289002557544757,0.43784901469274295,1.0,4/19,4.45%,Arg2;Asl;Arg1;Got1
prerank,Alzheimer disease,0.26604639757012505,1.1131492522696464,0.1746031746031746,0.4371611891395934,1.0,77/157,24.35%,Aph1a;Tnf;Casp9;Ide;Eif2ak3;Ncstn;Cox4i1;Bid;Ndufs4;Fadd;Ndufv3;Itpr3;Lpl;Cox6b1;Ndufa7;Casp8;Ndufb7;Sdha;Ndufa10;Ndufa2;Ndufc2;Ndufs2;Itpr2;Ndufv2;Ndufa3;Uqcrfs1;Cox5a;Casp7;Psenen;Rtn3;Ndufb4b;Uqcrc2;Ndufb5;Ndufb9;Ndufb6;Ndufb8;Psen1;Cox6a1;Cox7c;Cox8a;Cox7b;Uqcr10;Ndufa6;Ndufa9;Ndufa13;Ndufb10;Cyc1;Ndufs5;CYTB;Psen2;Cox5b;COX1;Ndufa4;Ndufs7;Adam10;Ndufb3;Ndufs6;Ndufb11;Sdhd;Ndufc1;COX2;ATP8;Ndufab1;Casp3;ATP6;Uqcrb;Ndufb4c;COX3;Cycs;Ndufa1;Ndufv1;Ndufs3;Uqcrq;Ndufb4;Bad;Uqcrh;Ndufb2
prerank,Tryptophan metabolism,0.3277186710322525,1.1106220799175357,0.2599388379204893,0.43635771369006254,1.0,13/47,20.59%,Tph1;Lao1;Kyat1;Aox3;Aox2;Ehhadh;Gcdh;Hadh;Acat1;Kyat3;Dld;Afmid;Aox4
prerank,Osteoclast differentiation,-0.31019241119957075,-1.1063665375680727,0.25069637883008355,0.4000415054947166,1.0,32/116,18.29%,Irf9;Camk4;Map2k6;Socs1;Socs3;Tnfrsf1a;Nfatc1;Fyn;Lck;Ppp3cb;Tnfrsf11b;Akt2;Map3k14;Stat2;Fhl2;Itgb3;Csf1;Akt3;Pik3r2;Ncf1;Pparg;Junb;Mapk8;Mitf;Pik3ca;Tnfrsf11a;Tgfbr1;Pik3cd;Pik3r1;Nfatc2;Ifnar2;Ctsk
prerank,p53 signaling pathway,-0.32978480136848726,-1.1034676313128045,0.29056047197640117,0.4027452221496243,1.0,14/71,12.99%,Igfbp3;Ccnd2;Trp73;Cdkn1a;Aifm2;Perp;Mdm2;Ccng2;Thbs1;Fas;Adgrb1;Serpinb5;Apaf1;Sfn
prerank,Bacterial invasion of epithelial cells,-0.3353623905110965,-1.1023276513478917,0.2880354505169867,0.40164583057716247,1.0,23/65,19.71%,Fn1;Itgb1;Elmo2;Ilk;Shc2;Cav1;Ctnnb1;Itga5;Shc4;Pik3r2;Vcl;Hcls1;Crkl;Dock1;Ctnna1;Pik3ca;Pxn;Bcar1;Pik3cd;Pik3r1;Cav3;Ctnna3;Elmo1
prerank,Epstein-Barr virus infection,0.2538649497166001,1.0924514471980888,0.20270270270270271,0.477925702034241,1.0,71/204,22.04%,Jak3;Mapk13;Tap2;Plcg2;Nfkbia;Traf6;Psmd8;Tnf;Hes1;Entpd3;Tbk1;Casp9;Oas2;Ikbkg;Psmd3;Cdk6;Lyn;Psmc5;Bid;Cd3e;Mapk11;Blnk;Pik3cb;Fadd;Psmd4;Psmc2;Psmc1;Psmc3;Casp8;Entpd8;H2-Oa;Bak1;H2-Q2;H2-Q7;E2f2;Rb1;Tnfaip3;Irf3;Mapk12;Gm10499;Map2k7;Tapbp;Psmc4;B2m;Ccnd3;Psmd12;Snw1;Ikbkb;H2-Q8;H2-Q6;Psmd14;H2-Q4;H2-Bl;H2-Ob;H2-T23;H2-T22;H2-Q10;H2-K1;Casp3;Gm11787;Oas3;Chuk;Psmd6;Bax;H2-Q1;Irak1;Psmd13;Psmd11;Psmd2;Cycs;H2-T10
prerank,Necroptosis,0.26796321921360267,1.0917398191297971,0.23825503355704697,0.4724421239874291,1.0,35/121,15.20%,Jak3;Tlr4;Tnf;Tlr3;Chmp4b;Pycard;Chmp1a;Chmp1b;Faf1;Pla2g4e;Ticam1;Bid;Camk2a;Fadd;Stat5b;Mlkl;Casp8;Vps4b;Chmp6;Aifm1;Vdac3;Tnfaip3;Alox15;Pla2g4d;Ifngr2;Stat5a;Chmp2a;Pla2g4c;Pgam5;Chmp4c;Zbp1;Ifngr1;Vps4a;Chmp5;Fth1
prerank,Mucin type O-glycan biosynthesis,-0.3939675569471265,-1.0911592078842993,0.32954545454545453,0.421313165766036,1.0,6/26,9.95%,St3gal2;Galnt16;Galnt4;Galnt14;Galnt2;Galnt18
prerank,Glycerolipid metabolism,0.3096931541404557,1.089602692917919,0.27299703264094954,0.47085633788783054,1.0,20/57,21.98%,Mboat1;Cel;Lpin1;Dgkd;Gk;Pnpla2;Lpl;Agpat2;Gpam;Plpp2;Lipc;Gk2;Lpin3;Plpp5;Gpat4;Akr1a1;Agpat1;Agpat3;Akr1b10;Plpp4
prerank,Ether lipid metabolism,0.32476590168819036,1.0873295348073089,0.2928759894459103,0.47003457639665225,1.0,14/45,13.24%,Gdpd1;Pla2g4e;Pafah1b3;Lpcat1;Chpt1;Plb1;Ugt8a;Gdpd3;Plpp2;Pla2g6;Pafah2;Pla2g12a;Pla2g4d;Pla2g4c
prerank,VEGF signaling pathway,-0.3348046071228717,-1.0841982700722905,0.31988041853512705,0.4324783766663214,1.0,21/57,17.14%,Kdr;Plcg1;Ppp3cb;Shc2;Ptgs2;Akt2;Sphk1;Prkcg;Nos3;Raf1;Hras;Akt3;Pik3r2;Mapkapk2;Prkca;Hspb1;Pik3ca;Pxn;Pik3cd;Pik3r1;Nfatc2
prerank,Influenza A,0.26028412379697013,1.0823222141814512,0.23954372623574144,0.476786179638638,1.0,24/148,9.15%,Tmprss2;Mapk13;Ifih1;Rnasel;Nxf7;Tmprss4;Tmprss13;Tlr4;Nfkbia;Tnf;Tlr3;Tbk1;Pycard;Casp9;Oas2;Eif2ak3;Ticam1;Mapk11;Eif2ak1;Pik3cb;Nlrx1;Agfg1;H2-Oa;Map2k2
prerank,Tyrosine metabolism,0.33555204677673933,1.080034274685354,0.3324396782841823,0.4764229487417906,1.0,10/39,15.65%,Lao1;Aldh1a3;Got1;Fahd1;Adh5;Aox3;Aox2;Tat;Aldh3b2;Aldh3b3
prerank,Arginine and proline metabolism,-0.35170105290878206,-1.0763660768204608,0.3544891640866873,0.4462088409332814,1.0,15/47,18.91%,Ckb;P4ha1;Oat;Aldh2;Maob;Aldh4a1;Nos3;Aldh7a1;L3hypdh;Azin2;Sat2;Maoa;Amd2;Amd1;Sms
prerank,Graft-versus-host disease,0.32171586146742265,1.07582108308106,0.34293948126801155,0.4815396434155663,1.0,17/49,23.29%,Tnf;H2-Oa;H2-Q2;H2-Q7;Gm10499;H2-Q8;H2-Q6;H2-Q4;H2-Bl;H2-Ob;H2-T23;H2-T22;H2-Q10;H2-K1;H2-Q1;H2-T10;H2-D1
prerank,Circadian rhythm,0.35538247658011046,1.07508964525336,0.3368421052631579,0.4772577988900207,1.0,8/28,12.72%,Prkab1;Npas2;Prkaa2;Cry2;Prkag1;Per1;Rora;Fbxw11
prerank,Sphingolipid metabolism,0.3140497830540987,1.0655394152447963,0.3245382585751979,0.4964054840542419,1.0,13/44,16.00%,Sptlc1;Sptlc3;Neu2;Cers2;Neu1;Glb1;Cers3;Ugt8a;Plpp2;Ugcg;Smpd2;Sgms1;Sphk2
prerank,Steroid hormone biosynthesis,-0.3383372866964436,-1.0634371392220108,0.3546423135464231,0.47178626265926166,1.0,3/52,1.59%,Ugt1a6b;Ugt1a6a;Cyp7b1
prerank,Proximal tubule bicarbonate reclamation,-0.40831756185332096,-1.0567630322961548,0.38778877887788776,0.4825344483595464,1.0,8/21,9.30%,Atp1b3;Atp1b2;Aqp1;Gls;Atp1a1;Atp1a2;Slc4a4;Glud1
prerank,Terpenoid backbone biosynthesis,0.3751363520529498,1.0545925143658694,0.37727272727272726,0.520767894371091,1.0,8/22,20.97%,Nus1;Fntb;Hmgcs2;Mvd;Dhdds;Acat1;Fdps;Pmvk
prerank,Human T-cell leukemia virus 1 infection,-0.27062573411858315,-1.0519742690180662,0.33209417596034696,0.4894569122076826,1.0,61/232,21.81%,Crtc2;Ccnd2;Nfyb;Egr2;Tnfrsf1a;Cdkn1a;Il6;Slc25a4;Adcy9;Icam1;Nfatc1;Adcy3;Lck;Nfatc4;Tln1;Ppp3cb;Adcy4;Akt2;Prkacb;Map3k14;Crtc3;H2-M9;Atf4;Hras;Cdc23;Creb3l2;Map3k3;Egr1;Il2rg;Anapc1;Ets1;Trrap;Akt3;Pik3r2;Msx1;Elk1;Anapc5;Mapk8;Il1r2;Adcy7;Pik3ca;Tgfbr1;Pik3cd;Crebbp;Anapc11;H2-T24;Pik3r1;Nfatc2;Itgb2;Ltbr;Srf;Ep300;Zfp36;Csf2;Myc;Jak1;H2-M3;H2-Ab1;Pttg1;Elk4;Tgfb1
prerank,Pentose and glucuronate interconversions,-0.39384835322517797,-1.0451223199576034,0.389351081530782,0.5012084203232196,1.0,3/22,5.16%,Ugt1a6b;Ugt1a6a;Ugdh
prerank,Carbohydrate digestion and absorption,-0.35642187779411794,-1.0429384593134496,0.4118564742589704,0.5022626174756691,1.0,12/37,16.81%,Cacna1d;Atp1b3;Atp1b2;Atp1a1;Akt2;Atp1a2;Lct;Akt3;Pik3r2;Pik3ca;Pik3cd;Pik3r1
prerank,Homologous recombination,0.31395714336437075,1.0419968829249429,0.36363636363636365,0.5490693635474196,1.0,20/40,28.98%,Pold3;Babam2;Brcc3;Topbp1;Babam1;Brca1;Sycp3;Xrcc3;Rad51;Blm;Ssbp1;Rad54l;Palb2;Rad54b;Brip1;Atm;Brca2;Xrcc2;Rad51d;Mre11a
prerank,NF-kappa B signaling pathway,0.26945983783377325,1.0407620586031037,0.3377926421404682,0.5456673386550905,1.0,22/93,13.54%,Plcg2;Cd14;Card14;Tlr4;Nfkbia;Traf6;Tnf;Ly96;Ikbkg;Tirap;Lyn;Ticam1;Blnk;Bcl2a1b;Cxcl2;Lbp;Bcl2a1a;Tnfaip3;Bcl2l1;Csnk2b;Tnfsf11;Pias4
prerank,IL-17 signaling pathway,0.2693439191233607,1.0389865727042178,0.3627760252365931,0.5434600851285616,1.0,19/86,11.47%,Mapk13;S100a8;Nfkbia;Traf6;Tnf;Tbk1;Csf3;Ikbkg;Jund;Mapk11;Mapk4;Fadd;Il17re;Casp8;Cxcl2;Ccl20;Cxcl3;Tnfaip3;Mapk12
prerank,Mismatch repair,0.35686524406733733,1.0371639523762157,0.3856041131105398,0.5421610141536404,1.0,12/22,31.03%,Pold3;Exo1;Rfc4;Lig1;Rfc5;Mlh1;Pms2;Ssbp1;Rfc2;Msh3;Rfc1;Rfc3
prerank,Base excision repair,0.32499507588940374,1.0348472057976064,0.39669421487603307,0.5416249077050035,1.0,20/35,32.42%,Polb;Pold3;Neil2;Poll;Tdg;Pole3;Lig1;Tdg-ps;Neil1;Smug1;Fen1;Pole;Mpg;Apex1;Ogg1;Ung;Parp2;Neil3;Parp1;Xrcc1
prerank,Complement and coagulation cascades,0.2694379975601077,1.034508704907008,0.3662420382165605,0.535879227472782,1.0,8/86,6.21%,Clu;Cd55;Cd55b;Fgb;Proc;C9;C2;C3
prerank,HIF-1 signaling pathway,-0.294421789052365,-1.0316197517937595,0.40730337078651685,0.5251090801145931,1.0,34/97,21.47%,Eloc;Cdkn1a;Il6;Flt1;Plcg1;Tek;Camk2g;Akt2;Prkcg;Egfr;Camk2d;Nos3;Angpt2;Igf1r;Akt3;Pik3r2;Aldoa;Prkca;Eno3;Pik3ca;Stat3;Camk2b;Pik3cd;Crebbp;Pik3r1;Ltbr;Ep300;Bcl2;Egln3;Serpine1;Eif4e;Cybb;Hmox1;Cdkn1b
prerank,Fc epsilon RI signaling pathway,0.28152925763159553,1.0279699499543002,0.390625,0.5490510167545213,1.0,16/64,13.60%,Mapk13;Plcg2;Gab2;Tnf;Pla2g4e;Lyn;Mapk11;Alox5ap;Pik3cb;Kras;Map2k2;Mapk12;Pla2g4d;Map2k7;Pla2g4c;Pdpk1
prerank,Porphyrin and chlorophyll metabolism,0.3213070409911638,1.0107960918128336,0.42780748663101603,0.5931453402212045,1.0,11/30,19.66%,Ears2;Hmbs;Alad;Uros;Urod;Fxn;Cp;Cox15;Alas2;Gusb;Hmox2
prerank,RNA degradation,0.2718363718420507,1.0056128923973917,0.42024539877300615,0.6025540895214931,1.0,22/75,21.17%,Pan2;Edc3;Exosc5;Dcps;Pabpc4;Pabpc1l;Lsm4;Cnot1;Ddx6;Mphosph6;Cnot6;Exosc1;Dcp1a;Dcp2;Lsm2;Hspa9;Exosc2;Pfkl;Cnot2;Btg1;Tob1;Cnot9
prerank,Mineral absorption,0.30115133107150205,1.0047276576406168,0.4304812834224599,0.5980209908841925,1.0,14/42,16.42%,Atp1b1;Slc5a1;Trf;Fxyd2;Atox1;Slc34a2;Steap1;Slc26a9;Slc31a1;Slc11a2;Slc40a1;Fth1;Vdr;Slc39a4
prerank,Mannose type O-glycan biosynthesis,-0.3843523897362685,-1.0032288983393858,0.45439469320066334,0.5894181929893688,1.0,4/22,9.99%,B4galt2;B3galnt2;Fktn;B4gat1
prerank,Phototransduction,-0.3661505451569533,-1.0029841246729108,0.44711538461538464,0.5854620816132577,1.0,9/25,29.32%,Calm2;Rho;Calm1;Calml3;Gnat1;Gucy2e;Calm3;Calml4;Gnb1
prerank,Basal transcription factors,-0.3332018323859002,-1.0007110674312953,0.43729903536977494,0.5864680076538946,1.0,17/42,25.94%,Taf11;Taf13;Taf4b;Gtf2a1;Taf9b;Taf5;Gtf2i;Gtf2f1;Taf1;Gtf2b;Gtf2f2;Ccnh;Gtf2ird1;Gtf2e1;Tbpl1;Taf3;Cdk7
prerank,Pertussis,0.2680496355024969,0.9970257122606858,0.4481707317073171,0.6137426618533541,1.0,12/73,6.21%,Mapk13;Cd14;Tlr4;Traf6;Tnf;Ly96;Pycard;Tirap;C2;Ticam1;Mapk11;C3
prerank,Phenylalanine metabolism,0.35808457504467706,0.99429604223641,0.4587378640776699,0.6147194980949414,1.0,6/20,15.65%,Lao1;Aldh1a3;Got1;Tat;Aldh3b2;Aldh3b3
prerank,Measles,0.24279772569952338,0.9935603472659015,0.49429657794676807,0.6098562172278729,1.0,25/131,12.86%,Jak3;Ifih1;Tlr4;Nfkbia;Traf6;Tbk1;Casp9;Oas2;Ikbkg;Eif2ak3;Cdk6;Bid;Cd3e;Eif2ak1;Pik3cb;Fadd;Stat5b;Rack1;Casp8;Bak1;Tnfaip3;Irf3;Bcl2l1;Csnk2b;Stat5a
prerank,Inositol phosphate metabolism,0.26676936437731197,0.9932686522288657,0.4794952681388013,0.6037889871633704,1.0,15/72,13.01%,Inpp5j;Plcg2;Mtmr1;Pip5k1b;Pik3c2g;Pik3cb;Inppl1;Pip4k2c;Plch1;Tpi1;Itpka;Pi4k2b;Minpp1;Pip5k1c;Pik3cg
prerank,Cytosolic DNA-sensing pathway,0.2858453214091476,0.9921286964144542,0.45454545454545453,0.6001997915218902,1.0,14/48,17.01%,Polr3c;Nfkbia;Tbk1;Pycard;Ikbkg;Polr3k;Polr2e;Polr3a;Irf3;Polr3g;Polr3gl;Zbp1;Polr3h;Ikbkb
prerank,Bladder cancer,-0.33143345970608035,-0.9910370946292635,0.4679186228482003,0.6053984863740755,1.0,8/39,10.27%,Mmp2;Cdkn1a;Fgfr3;Egfr;Mdm2;Raf1;Hras;Thbs1
prerank,Choline metabolism in cancer,-0.2759654646634016,-0.9886835998607724,0.46722454672245467,0.606843147664162,1.0,35/99,23.43%,Pdgfrb;Pld1;Plcg1;Pcyt1b;Wasf3;Plpp3;Akt2;Dgkh;Pdgfc;Prkcg;Egfr;Raf1;Plpp1;Hras;Pdgfa;Sos2;Slc44a2;Akt3;Pik3r2;Prkca;Mapk8;Dgkb;Sos1;Pik3ca;Pik3cd;Pik3r1;Slc22a21;Dgki;Ralgds;Dgkg;Hif1a;Pdgfb;Tsc2;Fos;Pik3r3
prerank,Fatty acid elongation,0.3175887971226045,0.9876215510633782,0.4521276595744681,0.6076764618286508,1.0,12/29,15.62%,Hacd3;Elovl7;Acot4;Acot2;Hsd17b12;Acot1;Acot5;Tecr;Mecr;Acot3;Acaa2;Hadh
prerank,Autoimmune thyroid disease,0.28515429960709754,0.9874069641883757,0.4632768361581921,0.6018307692162432,1.0,16/53,23.29%,H2-Oa;H2-Q2;H2-Q7;Gm10499;H2-Q8;H2-Q6;H2-Q4;H2-Bl;H2-Ob;H2-T23;H2-T22;H2-Q10;H2-K1;H2-Q1;H2-T10;H2-D1
prerank,Hematopoietic cell lineage,-0.28219673944333606,-0.983433081462899,0.47186147186147187,0.6150762843625689,1.0,20/86,18.30%,Itga1;Il6;Itga3;Cd34;Il7;Gp1ba;Il11ra1;Mme;Itga5;Kitl;Itga6;Cd38;Itgb3;Cd44;Csf1;Itga2b;Il1r2;Il11;Flt3l;Epor
prerank,RNA transport,0.23303883801269795,0.976634767848869,0.5075187969924813,0.627106147302114,1.0,56/155,28.29%,Nxf7;Nup210;Eif2b2;Pop5;Eif4ebp2;Pabpc4;Pop7;Rpp21;Eif2s3x;Eif3i;Eif2b1;Nup50;Pabpc1l;Eif3g;Thoc3;Eif2b5;Ddx20;Eif4a3;Eif4ebp1;Eif4ebp3;Casc3;Eef1a1;Nup155;Eif3h;Rangap1;Eif3d;Nup35;Eif2b4;Pop4;Aaas;Gemin7;Senp2;Rpp38;Trnt1;Eif5b;Tacc3;Smn1;Nup43;Nup133;Eif4g1;Rpp25l;Eif4e2;Sumo1;Pym1;Cyfip1;Ncbp1;Sec13;Eif3b;Rpp14;Kpnb1;Snupn;Nup205;Eif2s1;Upf1;Nxt1;Srrm1
prerank,Ubiquitin mediated proteolysis,-0.26904801193714595,-0.9765429490252748,0.5158620689655172,0.6270311602047897,1.0,44/135,23.75%,Eloc;Socs1;Socs3;Nedd4;Ube2w;Cul7;Trim32;Wwp1;Rhobtb1;Mdm2;Cdc23;Ube2o;Ube2h;Ube2d2a;Anapc1;Pias3;Herc2;Ube2e2;Ube2i;Anapc5;Wwp2;Ubr5;Rhobtb2;Nhlrc1;Ube2d1;Cul3;Anapc11;Cul1;Huwe1;Btrc;Pml;Ube2b;Ube2n;Smurf2;Ube2ql1;Uba2;Ube2s;Uba1;Ube2d3;Trip12;Xiap;Cul5;Fbxo2;Cop1
prerank,Vitamin digestion and absorption,0.3537832077875565,0.9745067919558231,0.5104408352668214,0.6265706321248502,1.0,8/20,21.69%,Plb1;Slc5a6;Awat2;Scarb1;Tcn2;Slc19a2;Slc52a3;Mmachc
prerank,Butanoate metabolism,0.33686429907322796,0.973606375881098,0.4852941176470588,0.622850298087122,1.0,9/24,16.11%,Bdh1;Aldh5a1;Acads;Hmgcs2;Gad1;Ehhadh;Hmgcl;Hadh;Acat1
prerank,Apoptosis,-0.26487687075756083,-0.9718655471399921,0.5226666666666666,0.6333731117637033,1.0,34/135,16.81%,Ripk1;Dab2ip;Tnfrsf1a;Bok;Ctsf;Csf2rb2;Ptpn13;Ngfr;Csf2rb;Akt2;Ctsl;Tuba1a;Tuba1c;Map3k14;Tuba1b;Raf1;Atf4;Hras;Fas;Bcl2l11;Akt3;Pik3r2;Apaf1;Mapk8;Itpr1;Tnfrsf10b;Cflar;Pik3ca;Ngf;Capn2;Casp12;Pik3cd;Ddit3;Pik3r1
prerank,Kaposi sarcoma-associated herpesvirus infection,0.2268872754470555,0.9716400572195052,0.4892703862660944,0.6221188352371438,1.0,59/188,20.77%,Gng7;Mapk13;Prex1;Plcg2;Hck;Nfkbia;Tlr3;Tbk1;Gnb5;Casp9;Gnb2;Ikbkg;Cdk6;Lyn;Ticam1;Bid;Mapk11;C3;Pik3cb;Fadd;Itpr3;Kras;Becn1;Casp8;Gng5;Cxcl2;Map2k2;Gabarapl2;Bak1;H2-Q2;H2-Q7;E2f2;Rb1;Itpr2;Cxcl3;Irf3;Mapk12;Gm10499;Pik3cg;Map2k7;Ifngr1;Gabarap;Atg14;Ikbkb;H2-Q8;H2-Q6;H2-Q4;H2-Bl;H2-T23;H2-T22;H2-Q10;H2-K1;Cxcl1;Gng5-ps;Casp3;Gm11787;Chuk;Bax;H2-Q1
prerank,Prolactin signaling pathway,-0.2929629212849785,-0.9674418544742215,0.5030395136778115,0.6390209622566566,1.0,24/68,17.36%,Ccnd2;Socs1;Socs3;Shc2;Irf1;Akt2;Socs7;Raf1;Hras;Shc4;Sos2;Akt3;Pik3r2;Lhb;Mapk8;Sos1;Pik3ca;Socs5;Stat3;Tnfrsf11a;Pik3cd;Pik3r1;Galt;Th
prerank,Nucleotide excision repair,0.28657213375265456,0.9671958704658136,0.5159420289855072,0.6288677704304966,1.0,19/43,31.03%,Ddb1;Pold3;Ercc6;Gtf2h1;Rfc4;Pole3;Lig1;Ercc2;Rfc5;Rad23b;Pole;Ercc3;Mnat1;Rfc2;Ercc8;Gtf2h5;Gtf2h3;Rfc1;Rfc3
prerank,Fat digestion and absorption,0.3024115627826143,0.9663073469701263,0.5318066157760815,0.6247841648820751,1.0,11/34,23.64%,Cel;Agpat2;Scarb1;Plpp2;Pla2g12a;Slc27a4;Agpat1;Mttp;Cd36;Pla2g5;Pla2g2d
prerank,Drug metabolism,0.24387448310534798,0.965038230196544,0.5241379310344828,0.6220534698970244,1.0,18/97,14.15%,Gstt2;Cmpk1;Aldh1a3;Mgst1;Tk2;Xdh;Uck1;Fmo3;Adh5;Gstt3;Aox3;Gsta3;Gm4847;Aox2;Nme6;Aldh3b2;Nme1;Fmo9
prerank,Spliceosome,0.2351960034594776,0.9511728554063407,0.6,0.655914480542043,1.0,33/128,19.05%,Ddx42;Rp9;Dhx8;Prpf40a;Pcbp1;Xab2;Sf3b2;Bcas2;Prpf19;Prpf38b;Srsf9;Prpf31;Thoc3;Cwc15;Ppih;Ddx23;Eif4a3;Lsm4;Rbm25;Sf3b5;Snrnp70;Prpf4;Snw1;Prpf3;Ppil1;Lsm2;Sf3a1;Zmat2;Snrnp40;Dhx38;Ccdc12;Prpf6;Slu7
prerank,Renin-angiotensin system,0.31307212000346074,0.9510401565619279,0.5167958656330749,0.6496592664391525,1.0,10/29,25.91%,Agtr1a;Thop1;Atp6ap2;Ctsa;Nln;Klk1b11;Agt;Ace;Klk1b26;Klk1b1
prerank,NOD-like receptor signaling pathway,0.23043349251450893,0.9478260479763917,0.6141078838174274,0.6518715764624127,1.0,32/154,12.06%,Mapk13;Rnasel;Tlr4;Nfkbia;Traf6;Tnf;Tbk1;Pycard;Oas2;Ikbkg;Tank;Cyba;Naip2;Ticam1;Mapk11;Fadd;Txnip;Itpr3;Nlrx1;Casp8;Cxcl2;Gabarapl2;Vdac3;Itpr2;Cxcl3;Txn2;Tnfaip3;Naip5;Irf3;Mapk12;Brcc3;Bcl2l1
prerank,Adipocytokine signaling pathway,-0.2860856956280087,-0.9474068047973411,0.5615835777126099,0.6827390675316191,1.0,20/69,21.55%,Slc2a4;Socs3;Tnfrsf1a;Prkcq;Lep;Npy;Akt2;Irs2;Cpt1c;Akt3;Prkag2;Mapk8;Ptpn11;Stat3;Ppargc1a;Prkaa1;Prkag3;Irs4;Pck1;Prkab2
prerank,mTOR signaling pathway,-0.2575397448423306,-0.9456076468654598,0.5678191489361702,0.6821808510638298,1.0,32/149,16.04%,Wnt11;Wnt10a;Wnt6;Fzd7;Fzd2;Tnfrsf1a;Fzd1;Fzd8;Fzd3;Ulk2;Fzd9;Dvl2;Rnf152;Rps6ka2;Akt2;Wnt9a;Prkcg;Raf1;Hras;Rps6ka3;Sos2;Castor1;Igf1r;Rragb;Akt3;Pik3r2;Prkca;Sos1;Lrp5;Pik3ca;Sgk1;Pik3cd
prerank,Chronic myeloid leukemia,-0.27797121413569537,-0.9419432871648987,0.5457317073170732,0.6864128765569569,1.0,33/76,27.13%,Cdkn1a;Runx1;Shc2;Akt2;Ctbp2;Mdm2;Raf1;Hras;Shc4;Sos2;Mecom;Akt3;Pik3r2;Crkl;Sos1;Pik3ca;Ptpn11;Tgfbr1;Pik3cd;Abl1;Pik3r1;Myc;Cdkn1b;Hdac2;Tgfb1;Braf;Polk;Pik3r3;Crk;Trp53;Hdac1;Bcr;Cbl
prerank,Antigen processing and presentation,0.24817593637800167,0.9346231343231783,0.5838323353293413,0.6818296821552183,1.0,25/73,23.98%,Tap2;Tnf;Psme3;H2-Oa;H2-Q2;H2-Q7;Gm10499;Tapbp;B2m;Psme1;H2-Q8;H2-Q6;H2-Q4;H2-Bl;H2-Ob;H2-T23;H2-T22;H2-Q10;Ctsb;H2-K1;Hspa4;H2-Q1;H2-T10;H2-D1;Psme2
prerank,Staphylococcus aureus infection,-0.292463945947504,-0.9305067254235445,0.5653495440729484,0.7086719583503723,1.0,20/52,29.21%,C1s1;Icam1;Selp;C1ra;Masp1;Itgb2;Cfh;C1rb;Il10;Camp;H2-Ab1;C4b;Fgg;C1s2;H2-Aa;C1qc;C1qb;Itgal;C5ar1;Fcgr1
prerank,Non-small cell lung cancer,0.2518373013942213,0.9261608686199024,0.6279761904761905,0.6987884924426685,1.0,13/66,10.26%,Jak3;Plcg2;Casp9;Cdk6;Erbb2;Pik3cb;Stat5b;Kras;Alk;Map2k2;Bak1;E2f2;Rb1
prerank,Purine metabolism,-0.2541762586066338,-0.9252589407295003,0.6114206128133705,0.7161224375204182,1.0,24/126,15.00%,Nt5e;Npr1;Ak1;Gucy1b1;Ak4;Adcy9;Pde3a;Adcy3;Gucy1a1;Pde4d;Npr2;Pde2a;Adcy4;Entpd1;Enpp1;Prps1;Ak5;Pde6d;Pde10a;Gucy1a2;Pde4b;Pde4a;Adcy7;Pde1b
prerank,Selenocompound metabolism,0.3555128707744527,0.9218555362996118,0.5772946859903382,0.7044866226546213,1.0,5/16,9.07%,Scly;Kyat1;Sepsecs;Txnrd2;Papss2
prerank,Glycosphingolipid biosynthesis,-0.29675021995244977,-0.9158785815025888,0.6009463722397477,0.7342516813301941,1.0,15/44,22.48%,St3gal2;B4galt2;St3gal6;B3galnt1;Hexa;Ggta1;A3galt2;Hexb;St6galnac4;B3gnt2;B3gnt5;Gcnt2;St3gal5;B3galt1;B4galt4
prerank,Autophagy,0.22724847202443174,0.9138333314732427,0.6976744186046512,0.7193536563979179,1.0,25/127,13.60%,Rab7b;Traf6;Atg4d;Eif2ak3;Igbp1;Mlst8;Prkaa2;Pik3cb;Atg9b;Rras2;Rps6kb2;Atg13;Kras;Becn1;Vamp8;Atg2a;Map2k2;Ctsd;Gabarapl2;Tsc1;Bcl2l1;Nrbf2;Akt1s1;Dapk1;Pdpk1
prerank,Inflammatory bowel disease (IBD),0.2566170247620567,0.912925213889168,0.6151832460732984,0.7150884408305352,1.0,15/55,18.38%,Tlr4;Tnf;Tlr5;Il18r1;Il18rap;H2-Oa;Rora;Ifngr2;Smad3;Ifngr1;Il23a;Nod2;Il12rb1;Rorc;H2-Ob
prerank,B cell receptor signaling pathway,0.24770411121745456,0.9107897215679338,0.6727272727272727,0.7141841122307158,1.0,11/70,9.15%,Plcg2;Dapp1;Nfkbia;Pik3ap1;Ikbkg;Lyn;Blnk;Pik3cb;Inppl1;Kras;Map2k2
prerank,Thiamine metabolism,-0.3718854835244387,-0.9041846254675452,0.5964601769911504,0.757064929481815,1.0,4/15,10.87%,Ak1;Ak4;Alpl;Ak5
prerank,Nitrogen metabolism,-0.36531985553843643,-0.9008494465517032,0.595,0.7595331991012674,1.0,4/16,9.30%,Car13;Car12;Car9;Glud1
prerank,Phosphatidylinositol signaling system,-0.2542939675398024,-0.8880727362753984,0.6770538243626062,0.7844269904398845,1.0,27/96,19.02%,Calm2;Inpp5a;Ipmk;Plcg1;Plcd4;Pip4k2a;Ocrl;Dgkh;Prkcg;Pik3r2;Plcb1;Prkca;Itpr1;Cds1;Inpp4a;Dgkb;Calm1;Pik3ca;Impa1;Pik3cd;Itpkb;Pik3r1;Cds2;Calml3;Plcd1;Dgki;Inpp5e
prerank,AMPK signaling pathway,-0.24635544710912013,-0.8863203124520874,0.7052341597796143,0.7834095976881705,1.0,34/123,19.50%,Slc2a4;Crtc2;Ppp2r2b;Pfkp;Lep;Pfkm;Akt2;Ppp2r2a;Irs2;Cpt1c;Ppp2r5e;Ppp2r1b;Rab10;Creb3l2;Ppp2r2c;Pfkfb1;Igf1r;Akt3;Pik3r2;Pparg;Ppp2cb;Pfkfb4;Rab11b;Prkag2;Sirt1;Pik3ca;Tbc1d1;Ppargc1a;Pik3cd;Pik3r1;Prkaa1;Hmgcr;Prkag3;Irs4
prerank,"Alanine, aspartate and glutamate metabolism",-0.302265860119914,-0.876227493970598,0.6609105180533752,0.8009573056190789,1.0,6/34,12.49%,Abat;Gls;Aldh4a1;Rimklb;Glud1;Gfpt2
prerank,Aldosterone-regulated sodium reabsorption,-0.30306964006162795,-0.8758315316536529,0.6697819314641744,0.7964680227212247,1.0,12/34,16.81%,Atp1b3;Atp1b2;Atp1a1;Prkcg;Atp1a2;Pik3r2;Sfn;Prkca;Pik3ca;Sgk1;Pik3cd;Pik3r1
prerank,Fc gamma R-mediated phagocytosis,-0.25791420518781316,-0.8755519525507643,0.6986899563318777,0.7918483032505718,1.0,24/86,16.81%,Asap1;Marcksl1;Pld1;Vav3;Plcg1;Wasf3;Cfl1;Plpp3;Marcks;Akt2;Sphk1;Prkcg;Raf1;Plpp1;Gsn;Akt3;Pik3r2;Ncf1;Prkca;Crkl;Pik3ca;Limk2;Pik3cd;Pik3r1
prerank,beta-Alanine metabolism,-0.30834540632391144,-0.8700909576594306,0.6627906976744186,0.7984937400311317,1.0,4/30,9.67%,Abat;Aoc3;Aldh2;Aldh7a1
prerank,Amyotrophic lateral sclerosis (ALS),0.2548689785978312,0.8655177295888138,0.7293447293447294,0.8166544204372301,1.0,10/49,12.67%,Mapk13;Tnf;Casp9;Bid;Mapk11;Gpx1;Mapk12;Derl1;Bcl2l1;Sod1
prerank,Tuberculosis,0.20352805369565802,0.8645511875009235,0.8650793650793651,0.811597878103481,1.0,45/160,22.50%,Mapk13;Irak2;Cd14;Tlr4;Atp6v1h;Traf6;Tnf;Casp9;Tirap;Tcirg1;Bid;Mapk11;Camk2a;C3;Fadd;Il10rb;Casp8;H2-Oa;Ctsd;Lbp;Mapk12;Atp6v0b;Ifngr2;Ifngr1;Tlr6;Il23a;Vdr;Sphk2;Nod2;Atp6v0a1;Tlr1;H2-Ob;Atp6ap1;Rab7;Hspa9;Casp3;Itgb2l;Bax;Card9;Irak1;Atp6v0a2;Atp6v0d1;Cycs;Tgfb2;Cebpg
prerank,Retrograde endocannabinoid signaling,-0.23689548703561827,-0.8644696859483525,0.7624309392265194,0.8058407285094846,1.0,29/136,16.57%,Cacna1c;Cacna1d;Slc17a7;Adcy9;Adcy3;Gng2;Gria3;Gng11;Adcy4;Ptgs2;Ndufa4l2;Cacna1a;Prkacb;Gabre;Prkcg;Gnai2;Cnr1;Gnaq;Plcb1;Gngt2;Prkca;Gng10;Mapk8;Gnai1;Itpr1;Adcy7;Gria4;Gnao1;Gng8
prerank,Chagas disease (American trypanosomiasis),-0.24825289459397212,-0.8640907091991454,0.7503486750348675,0.8015033696557102,1.0,25/101,16.81%,Ccl2;Tnfrsf1a;Il6;Ppp2r2b;Myd88;Akt2;Gnai2;Ppp2r2a;Bdkrb2;Ppp2r1b;Fas;Ppp2r2c;Akt3;Pik3r2;Gnaq;Plcb1;Ppp2cb;Mapk8;Gnai1;Cflar;Pik3ca;Tgfbr1;Pik3cd;Gnao1;Pik3r1
prerank,ABC transporters,-0.2774961911230913,-0.860905775403152,0.7265625,0.8032366323850929,1.0,15/47,18.93%,Abcb1b;Abcb1a;Abcd2;Abcc5;Abcc9;Abcg5;Abca12;Abcc4;Abca5;Abca9;Abcg4;Abcc1;Abca1;Abcc6;Tap1
prerank,Acute myeloid leukemia,0.23293470503298142,0.8552953583329522,0.7967741935483871,0.824189330052777,1.0,12/68,12.86%,Kit;Cd14;Ikbkg;Bcl2a1b;Pik3cb;Stat5b;Rps6kb2;Kras;Map2k2;Bcl2a1a;Eif4ebp1;Stat5a
prerank,Metabolism of xenobiotics by cytochrome P450,-0.27066271685775367,-0.847790236908866,0.732612055641422,0.8258356946441465,1.0,7/53,11.34%,Ugt1a6b;Ugt1a6a;Cyp2s1;Cbr3;Gstm5;Gstm1;Cyp1b1
prerank,Lysine degradation,-0.2632687826637933,-0.8410867313818373,0.7455357142857143,0.8342600121371769,1.0,14/57,20.74%,Plod2;Colgalt2;Prdm2;Aldh2;Kmt2a;Hykk;Aldh7a1;Kmt2e;Plod1;Kmt2c;Ash1l;Suv39h2;Ezh1;Colgalt1
prerank,"Glycine, serine and threonine metabolism",0.2563030235255752,0.8372908877985741,0.7746113989637305,0.8538880042874516,1.0,13/39,23.19%,Amt;Phgdh;Shmt1;Grhpr;Gldc;Gatm;Agxt2;Alas2;Dld;Sdsl;Gcsh;Tha1;Pipox
prerank,Chemical carcinogenesis,0.2242811164026669,0.817691033128802,0.8303030303030303,0.8822403286758872,1.0,6/66,7.09%,Gstt2;Aldh1a3;Kyat1;Mgst1;Adh5;Gstt3
prerank,Viral myocarditis,0.216648340474726,0.8082917059618507,0.8801261829652997,0.8889216858381186,1.0,26/74,24.22%,Cd55;Cd55b;Casp9;Bid;Casp8;H2-Oa;H2-Q2;H2-Q7;Gm10499;H2-Q8;H2-Q6;H2-Q4;H2-Bl;H2-Ob;H2-T23;H2-T22;H2-Q10;H2-K1;Casp3;Itgb2l;H2-Q1;Cycs;H2-T10;H2-D1;Eif4g1;Rac1
prerank,Viral carcinogenesis,-0.2119598076045317,-0.807155754126589,0.9202127659574468,0.8944458934063969,1.0,47/183,22.59%,Traf5;Ccnd2;Irf9;Egr2;Ddx3x;Cdkn1a;Hdac4;Actn1;Rbpj;Irf7;Gtf2a1;Prkacb;Egr3;Mdm2;H2-M9;Atf4;Il6st;Hras;Rbl2;D1Pas1;Creb3l2;Gsn;Pik3r2;Mapkapk2;Hdac6;Chd4;Pik3ca;Pxn;Stat3;Pik3cd;Crebbp;H2-T24;Pik3r1;Ywhaq;Sp100;Ltbr;Gtf2b;Srf;Actn4;Ep300;Jak1;Hdac9;H2-M3;Cdkn1b;Hdac2;Ywhaz;Gtf2e1
prerank,Intestinal immune network for IgA production,-0.2631155790666901,-0.8038617272436618,0.7779527559055118,0.8948238997161876,1.0,10/40,21.81%,Il6;Icosl;Itgb7;Cxcl12;Map3k14;Madcam1;Ltbr;Il10;H2-Ab1;Tgfb1
prerank,Histidine metabolism,-0.3032193593714367,-0.8036298823826863,0.7551669316375199,0.8897214011273871,1.0,8/23,23.56%,Aldh2;Maob;Aldh7a1;Amdhd1;Hdc;Maoa;Hal;Ftcd
prerank,Glycosaminoglycan degradation,-0.3217545556364602,-0.7909244041922044,0.7508650519031141,0.9049035355185308,1.0,5/17,14.18%,Hyal1;Hyal2;Idua;Hexa;Hexb
prerank,T cell receptor signaling pathway,-0.22444514719370004,-0.7813843078439837,0.8877980364656382,0.913971322876561,1.0,27/96,24.25%,Vav3;Nfatc1;Prkcq;Fyn;Lck;Plcg1;Ppp3cb;Akt2;Map3k14;Raf1;Hras;Sos2;Akt3;Pik3r2;Sos1;Pik3ca;Pik3cd;Pik3r1;Nfatc2;Pak3;Mapk14;Csf2;Il10;Malt1;Fos;Pik3r3;Nck1
prerank,Nicotinate and nicotinamide metabolism,-0.2630921892030512,-0.7804240946207873,0.792358803986711,0.9099577954060128,1.0,8/33,18.61%,Nt5e;Enpp1;Bst1;Cd38;Aox1;Naprt;Nnmt;Nt5c3b
prerank,Pantothenate and CoA biosynthesis,0.28768209748832246,0.7796959416074732,0.7657657657657657,0.9199340196996707,1.0,2/18,3.06%,Enpp3;Coasy
prerank,Cell cycle,-0.2153257750042466,-0.7778187309273003,0.9176136363636364,0.9082676858424162,1.0,37/122,28.34%,Ccnd2;Stag1;Smc1a;Cdkn1c;Cdkn1a;Cdkn2d;Tfdp2;Mdm2;Cdc23;Rbl2;Anapc1;Anapc5;Sfn;Abl1;Crebbp;Anapc11;Cul1;Ywhaq;Ep300;Stag2;Myc;Pttg1;Cdkn1b;Ccnh;Hdac2;Tgfb1;Ywhaz;Rbx1;Anapc4;Cdk7;Trp53;Hdac1;Cdc27;Cdc14a;Anapc10;Pcna;Gadd45b
prerank,Starch and sucrose metabolism,-0.2726822062808364,-0.7692201484935379,0.8254486133768353,0.9144958939810206,1.0,4/28,12.03%,Agl;Pygm;Enpp1;Pygb
prerank,Maturity onset diabetes of the young,-0.29347558819179176,-0.7669524731588895,0.8037542662116041,0.9120409642166174,1.0,6/20,28.06%,Mafa;Foxa3;Nr5a2;Gck;Slc2a2;Hhex
prerank,One carbon pool by folate,0.28561663779896274,0.761680310632007,0.8248730964467005,0.931870192422899,1.0,2/19,4.29%,Amt;Shmt1
prerank,Th17 cell differentiation,-0.21474802413077085,-0.7591103195727625,0.9321074964639321,0.9164683795561676,1.0,32/97,27.43%,Il6;Runx1;Hsp90aa1;Nfatc1;Prkcq;Lck;Tbx21;Plcg1;Ppp3cb;Il6st;Il2rg;Ahr;Mapk8;Stat3;Tgfbr1;Il17d;Nfatc2;Il1rap;Mapk14;Rara;Jak1;Il27ra;H2-Ab1;Tgfb1;Hif1a;Fos;H2-Aa;Zap70;Mapk10;Hsp90ab1;Ppp3ca;Mtor
prerank,Asthma,0.25885370957077947,0.724807544460526,0.877030162412993,0.9530489923558026,1.0,2/20,8.69%,Tnf;H2-Oa
prerank,Systemic lupus erythematosus,-0.2265196394619062,-0.7045091687416103,0.925,0.9646060188398037,1.0,15/47,26.43%,C1s1;Actn1;C1ra;Ssb;C1rb;H3f3a;Actn4;Il10;H2-Ab1;C4b;Snrpb;C1s2;H2-Aa;C1qc;C1qb
prerank,mRNA surveillance pathway,-0.19124499247501575,-0.6612686702535412,0.987012987012987,0.9822017266560332,1.0,22/91,23.90%,Nxt2;Ppp2r2b;Msi1;Wdr82;Magoh;Sap18;Ppp2r2a;Ppp2r5e;Ppp2r1b;Ppp2r2c;Pcf11;Ppp2cb;Pabpc4l;Nxf1;Rnps1;Etf1;Cpsf7;Upf3a;Ppp2r3d;Cstf3;Wdr33;Rbm8a
prerank,Pancreatic cancer,-0.1941610778934989,-0.6587791010714298,0.9854439592430859,0.9774430333224436,1.0,20/75,23.43%,Cdkn1a;Pld1;Tgfa;Akt2;Egfr;Raf1;Akt3;Pik3r2;Mapk8;Pik3ca;Stat3;Tgfbr1;Pik3cd;Pik3r1;Ralgds;Jak1;Tgfb1;Braf;Polk;Pik3r3
